case,problem,cores,algorithm,makespan,added_copy_bytes,spill_bytes,cache_hit_rate,runtime,evaluations,source,scale
case_067,1,2,baseline,34176690,249943680,119687680,0,1.6842329000355676,1,baseline,medium
case_067,1,2,multiseed,33860812,260512000,0,0,47.983301599975675,8,pipe-32,medium
case_067,1,2,vns,32041956,260341120,3419648,0,104.19659509998746,34,N6,medium
case_067,1,3,baseline,23631184,260512000,0,0,1.6083575999364257,1,baseline,medium
case_067,1,3,multiseed,23307333,264874240,0,0,44.34753169992473,9,pipe-32,medium
case_067,1,3,vns,21698371,264596864,0,0,116.51184859999921,40,N7,medium
case_067,1,4,baseline,18518776,260512000,0,0,1.9708874999778345,1,baseline,medium
case_067,1,4,multiseed,18184929,266328320,0,0,47.56961300002877,9,pipe-32,medium
case_067,1,4,vns,16378384,266222976,0,0,133.02018390002195,40,N2,medium
case_067,1,5,baseline,15967384,260512000,0,0,2.1526895000133663,1,baseline,medium
case_067,1,5,multiseed,15221905,266328320,0,0,46.82288310001604,9,pipe-32,medium
case_067,1,5,vns,13955513,266327296,0,0,136.98177019995637,40,N7,medium
case_067,2,2,baseline,33768704,264024576,260302976,0,3.6856556001584977,1,baseline,medium
case_067,2,2,multiseed,33768704,264024576,260302976,0,24.465449800132774,8,baseline,medium
case_067,2,2,vns,33768704,264024576,260302976,0,90.1833612001501,32,baseline,medium
case_067,2,3,baseline,23568859,263599744,256156544,0,2.437620399869047,1,baseline,medium
case_067,2,3,multiseed,21661023,244452096,234121216,0,24.881567199830897,9,pipe-32,medium
case_067,2,3,vns,21315128,244452096,234059776,0,101.8287704999093,40,N4,medium
case_067,2,4,baseline,18473155,263174912,252010112,0,2.143364999908954,1,baseline,medium
case_067,2,4,multiseed,16430138,268584064,255043584,0,25.710874799871817,9,pipe-32,medium
case_067,2,4,vns,16369483,272247424,258641408,0,103.52540589985438,40,N4,medium
case_067,2,5,baseline,15931687,262750080,247863680,0,2.028756600106135,1,baseline,medium
case_067,2,5,multiseed,14752484,263329280,242651136,0,24.698829000117257,9,pipe-32,medium
case_067,2,5,vns,13310646,263329280,242651136,0,95.99292140011676,40,N2,medium
case_067,3,2,baseline,33768704,264024576,260302976,0.0,2.640360700082965,1,baseline,medium
case_067,3,2,multiseed,33768704,264024576,260302976,0.0,24.60045660007745,8,baseline,medium
case_067,3,2,vns,33768704,264024576,260302976,0.0,88.99145710002631,32,baseline,medium
case_067,3,3,baseline,23568859,263599744,256156544,0.0,2.339259500033222,1,baseline,medium
case_067,3,3,multiseed,22048605,244452096,234121216,0.2898892227249624,25.211238499963656,9,pipe-32,medium
case_067,3,3,vns,21544287,251315968,241046528,0.3776827020070263,98.92967270000372,40,N2,medium
case_067,3,4,baseline,18473155,263174912,252010112,0.0,2.2813503000652418,1,baseline,medium
case_067,3,4,multiseed,16223001,268584064,255043584,0.600803160372624,25.089520500041544,9,pipe-32,medium
case_067,3,4,vns,16168869,269660800,256144896,0.47665778840821377,105.13406870001927,40,N6,medium
case_067,3,5,baseline,15931687,262750080,247863680,0.0,2.1900552000151947,1,baseline,medium
case_067,3,5,multiseed,14587654,263329280,242651136,0.23289096342898283,26.35945750004612,9,pipe-32,medium
case_067,3,5,vns,12955293,263230976,242544640,0.5922328407474209,97.94274500000756,40,N6,medium
case_068,1,2,baseline,384947,1484696,0,0,0.8438813999528065,1,baseline,medium
case_068,1,2,multiseed,314610,384786,0,0,19.23812600004021,14,affinity-2,medium
case_068,1,2,vns,313437,296268,0,0,64.2580962999491,38,N6,medium
case_068,1,3,baseline,378297,2481784,0,0,1.103550200117752,1,baseline,medium
case_068,1,3,multiseed,310669,936606,0,0,19.7330496001523,14,affinity-2,medium
case_068,1,3,vns,309897,810152,0,0,59.49288170004729,39,N5,medium
case_068,1,4,baseline,375093,2804150,0,0,1.051784000126645,1,baseline,medium
case_068,1,4,multiseed,318136,557582,0,0,18.95327170006931,14,balanced-2,medium
case_068,1,4,vns,308971,553994,0,0,51.04090800008271,40,N7,medium
case_068,1,5,baseline,307780,2792384,0,0,1.1200688001699746,1,baseline,medium
case_068,1,5,multiseed,307469,2990392,0,0,18.935289000160992,14,affinity-12,medium
case_068,1,5,vns,299334,2971960,0,0,47.424721100134775,40,N6,medium
case_068,2,2,baseline,303998,1293370,0,0,1.1209154000971466,1,baseline,medium
case_068,2,2,multiseed,294702,1482046,0,0,14.601788700092584,14,pipe-32,medium
case_068,2,2,vns,283789,1435230,0,0,47.302546800114214,40,N6,medium
case_068,2,3,baseline,249520,2293600,0,0,1.0568831999553367,1,baseline,medium
case_068,2,3,multiseed,249520,2293600,0,0,13.999703799956478,14,baseline,medium
case_068,2,3,vns,230707,1903456,0,0,42.654381199972704,40,N7,medium
case_068,2,4,baseline,249480,2822604,0,0,1.1921157999895513,1,baseline,medium
case_068,2,4,multiseed,249480,2822604,0,0,14.011244299937971,14,baseline,medium
case_068,2,4,vns,227697,2346948,0,0,41.00820629997179,40,N7,medium
case_068,2,5,baseline,243044,2819072,0,0,1.0158402000088245,1,baseline,medium
case_068,2,5,multiseed,243044,2819072,0,0,14.097967000096105,14,baseline,medium
case_068,2,5,vns,220688,2596672,0,0,40.8111003000522,40,N7,medium
case_068,3,2,baseline,303703,1293370,0,0.17510565461676864,1.1402705000946298,1,baseline,medium
case_068,3,2,multiseed,294595,1482046,0,0.1686263817351904,14.57295540010091,14,pipe-32,medium
case_068,3,2,vns,283703,1435230,0,0.1663287020576453,47.33012920001056,40,N6,medium
case_068,3,3,baseline,248988,2293600,0,0.24811795283450258,1.0783177999546751,1,baseline,medium
case_068,3,3,multiseed,248988,2293600,0,0.24811795283450258,14.280634199967608,14,baseline,medium
case_068,3,3,vns,229577,1903456,0,0.24169304515570553,43.04933949990664,40,N7,medium
case_068,3,4,baseline,249142,2822604,0,0.27021465224692054,1.0613770000636578,1,baseline,medium
case_068,3,4,multiseed,249142,2822604,0,0.27021465224692054,14.32396810001228,14,baseline,medium
case_068,3,4,vns,227423,2346948,0,0.22886870404971305,42.485626300098374,40,N7,medium
case_068,3,5,baseline,240837,2819072,0,0.23742057622807486,1.1275080000050366,1,baseline,medium
case_068,3,5,multiseed,240837,2819072,0,0.23742057622807486,14.431709499913268,14,baseline,medium
case_068,3,5,vns,215999,2584192,0,0.24637095734156259,42.49687679996714,40,N7,medium
case_069,1,2,baseline,47002,621038,0,0,0.16647850000299513,1,baseline,small
case_069,1,2,multiseed,25144,0,0,0,2.2463071999372914,14,whole,small
case_069,1,2,vns,25144,0,0,0,3.0730136999627575,16,whole,small
case_069,1,3,baseline,69828,705150,0,0,0.1737607999239117,1,baseline,small
case_069,1,3,multiseed,16668,313208,0,0,2.491620799875818,14,pipe-2,small
case_069,1,3,vns,16385,290740,0,0,7.363536699907854,46,N4,small
case_069,1,4,baseline,79517,849726,0,0,0.21129379991907626,1,baseline,small
case_069,1,4,multiseed,20181,535276,0,0,2.6779638999141753,14,affinity-4,small
case_069,1,4,vns,18060,443880,0,0,11.005658399895765,64,N4,small
case_069,1,5,baseline,67541,871682,0,0,0.23120699997525662,1,baseline,small
case_069,1,5,multiseed,25144,0,0,0,2.7376203999156132,14,whole,small
case_069,1,5,vns,25144,0,0,0,3.7452844999497756,19,whole,small
case_069,2,2,baseline,28805,340326,0,0,0.14523220004048198,1,baseline,small
case_069,2,2,multiseed,19847,157060,0,0,1.6752572000259534,14,balanced-4,small
case_069,2,2,vns,14263,124804,0,0,6.537067399942316,54,N7,small
case_069,2,3,baseline,41697,558412,0,0,0.1609507999382913,1,baseline,small
case_069,2,3,multiseed,15302,212008,0,0,1.7102574999444187,14,pipe-2,small
case_069,2,3,vns,13549,195784,0,0,6.425130299990997,53,N5,small
case_069,2,4,baseline,44424,774802,0,0,0.18074039998464286,1,baseline,small
case_069,2,4,multiseed,14676,93220,0,0,1.8272192999720573,14,affinity-4,small
case_069,2,4,vns,13975,133254,0,0,8.094139199936762,64,N4,small
case_069,2,5,baseline,39298,819028,0,0,0.17871310003101826,1,baseline,small
case_069,2,5,multiseed,17475,434092,0,0,1.8190714999800548,14,balanced-2,small
case_069,2,5,vns,16374,284364,0,0,5.399981900001876,40,N8,small
case_069,3,2,baseline,28790,340326,0,0.16618872311567526,0.1415791999315843,1,baseline,small
case_069,3,2,multiseed,19847,157060,0,0.16492189065646204,1.6527317998697981,14,balanced-4,small
case_069,3,2,vns,14263,124804,0,0.16041351224351277,6.496864199871197,54,N7,small
case_069,3,3,baseline,41477,558412,0,0.2598959605221326,0.1664133999729529,1,baseline,small
case_069,3,3,multiseed,15217,212008,0,0.3687827200339417,1.7189788999967277,14,pipe-2,small
case_069,3,3,vns,13549,195784,0,0.3374641733803083,6.432279800064862,53,N5,small
case_069,3,4,baseline,44136,774802,0,0.3352686135752018,0.17935489991214126,1,baseline,small
case_069,3,4,multiseed,14676,93220,0,0.1872068182075077,1.7275405999971554,14,affinity-4,small
case_069,3,4,vns,14075,147270,0,0.23638331480723104,8.223678699927405,64,N4,small
case_069,3,5,baseline,38768,819028,0,0.3402340358559811,0.1801164000062272,1,baseline,small
case_069,3,5,multiseed,17205,434092,0,0.37045782641128705,1.831303400103934,14,balanced-2,small
case_069,3,5,vns,16229,316526,0,0.314853947351467,5.57219920004718,40,N6,small
case_070,1,2,baseline,96654,1128928,0,0,0.18727350002154708,1,baseline,small
case_070,1,2,multiseed,60891,280080,0,0,2.9279824999393895,14,pipe-4,small
case_070,1,2,vns,60891,280080,0,0,7.201676600030623,38,pipe-4,small
case_070,1,3,baseline,80679,1591516,0,0,0.22237890004180372,1,baseline,small
case_070,1,3,multiseed,44437,175616,0,0,3.2859726999886334,14,affinity-2,small
case_070,1,3,vns,39454,101888,0,0,8.40179050003644,38,N4,small
case_070,1,4,baseline,122820,1861204,0,0,0.24645669991150498,1,baseline,small
case_070,1,4,multiseed,34291,280080,0,0,3.3700897998642176,14,affinity-2,small
case_070,1,4,vns,31584,206348,0,0,11.456562399864197,50,N4,small
case_070,1,5,baseline,123243,1807406,0,0,0.27470869990065694,1,baseline,small
case_070,1,5,multiseed,33036,439828,0,0,3.5543410999234766,14,pipe-2,small
case_070,1,5,vns,31427,426004,0,0,11.892491599894129,50,N4,small
case_070,2,2,baseline,75314,276932,0,0,0.16969170002266765,1,baseline,small
case_070,2,2,multiseed,57740,101892,0,0,2.0710945000173524,14,pipe-4,small
case_070,2,2,vns,57739,101888,0,0,6.26903600001242,40,N6,small
case_070,2,3,baseline,64386,821456,0,0,0.1841957001015544,1,baseline,small
case_070,2,3,multiseed,42822,189956,0,0,2.052801600075327,14,pipe-4,small
case_070,2,3,vns,39454,101892,0,0,9.88265320006758,64,N4,small
case_070,2,4,baseline,83296,1124380,0,0,0.19614709995221347,1,baseline,small
case_070,2,4,multiseed,33532,192012,0,0,2.2915099998936057,14,pipe-2,small
case_070,2,4,vns,30489,118288,0,0,9.790842699934728,64,N6,small
case_070,2,5,baseline,90700,1186864,0,0,0.21354729984886944,1,baseline,small
case_070,2,5,multiseed,29022,995168,0,0,2.273370699957013,14,pipe-32,small
case_070,2,5,vns,27785,924000,0,0,12.66191429994069,64,N8,small
case_070,3,2,baseline,75288,276932,0,0.1595121619365093,0.19109190010931343,1,baseline,small
case_070,3,2,multiseed,57740,101892,0,0.19528201353910316,2.066289900103584,14,pipe-4,small
case_070,3,2,vns,57739,101888,0,0.19528276211029888,6.534959000069648,40,N6,small
case_070,3,3,baseline,64072,821456,0,0.3139450745962614,0.18571959994733334,1,baseline,small
case_070,3,3,multiseed,42822,189956,0,0.2308908319285288,2.083882699953392,14,pipe-4,small
case_070,3,3,vns,39551,101892,0,0.053972415802264695,10.028094099950977,64,N2,small
case_070,3,4,baseline,82451,1124380,0,0.39520185734554364,0.20627280010376126,1,baseline,small
case_070,3,4,multiseed,33066,877152,0,0.3455189869631701,2.284245299990289,14,pipe-32,small
case_070,3,4,vns,32698,844420,0,0.35283040000911225,12.862789600039832,64,N5,small
case_070,3,5,baseline,88575,1186864,0,0.4604918443337727,0.20319469994865358,1,baseline,small
case_070,3,5,multiseed,27673,995168,0,0.41552209364611054,2.3400922999717295,14,pipe-32,small
case_070,3,5,vns,26808,933088,0,0.3987761219914031,13.087419799994677,64,N5,small
case_071,1,2,baseline,46523,496776,0,0,0.12346559995785356,1,baseline,small
case_071,1,2,multiseed,15376,328566,0,0,1.5437186000635847,14,pipe-4,small
case_071,1,2,vns,14689,315604,0,0,6.357318800059147,59,N6,small
case_071,1,3,baseline,46803,572498,0,0,0.14667240006383508,1,baseline,small
case_071,1,3,multiseed,14864,372608,0,0,1.745646300027147,14,affinity-4,small
case_071,1,3,vns,12505,240596,0,0,7.58953990007285,64,N6,small
case_071,1,4,baseline,70407,670488,0,0,0.1636919000884518,1,baseline,small
case_071,1,4,multiseed,13536,328566,0,0,1.9296362000750378,14,affinity-2,small
case_071,1,4,vns,12288,268176,0,0,7.394828300108202,61,N4,small
case_071,1,5,baseline,56279,690520,0,0,0.18626659992150962,1,baseline,small
case_071,1,5,multiseed,18919,0,0,0,1.8412093998631462,13,whole,small
case_071,1,5,vns,18919,0,0,0,2.4869075999595225,18,whole,small
case_071,2,2,baseline,29191,306886,0,0,0.10907149990089238,1,baseline,small
case_071,2,2,multiseed,11374,84004,0,0,1.1197706998791546,14,affinity-4,small
case_071,2,2,vns,11259,117796,0,0,5.13002619985491,63,N6,small
case_071,2,3,baseline,28909,483660,0,0,0.1172033998882398,1,baseline,small
case_071,2,3,multiseed,10459,144008,0,0,1.1749956998974085,14,affinity-4,small
case_071,2,3,vns,9952,139974,0,0,5.552410699892789,64,N6,small
case_071,2,4,baseline,37317,574352,0,0,0.11465870006941259,1,baseline,small
case_071,2,4,multiseed,9294,123944,0,0,1.2093227000441402,14,affinity-2,small
case_071,2,4,vns,9194,123944,0,0,5.261661600088701,60,N6,small
case_071,2,5,baseline,27543,690006,0,0,0.12853400001768023,1,baseline,small
case_071,2,5,multiseed,15666,260838,0,0,1.1649933999869972,13,critical-12,small
case_071,2,5,vns,13675,189416,0,0,7.118899399996735,64,N2,small
case_071,3,2,baseline,29162,306886,0,0.18187121659277156,0.12202440004330128,1,baseline,small
case_071,3,2,multiseed,11374,84004,0,0.1948172632420924,1.2433995000319555,14,affinity-4,small
case_071,3,2,vns,11259,117796,0,0.28634082061702193,5.449991500005126,63,N6,small
case_071,3,3,baseline,28751,483660,0,0.32926020370561443,0.11989449989050627,1,baseline,small
case_071,3,3,multiseed,10229,144008,0,0.249609309731382,1.2073518999386579,14,affinity-4,small
case_071,3,3,vns,9951,143334,0,0.18197568197568198,5.825798199977726,64,N6,small
case_071,3,4,baseline,36832,574352,0,0.2422151426199784,0.14255089999642223,1,baseline,small
case_071,3,4,multiseed,9294,123944,0,0.27541342540447794,1.270948400022462,14,affinity-2,small
case_071,3,4,vns,9194,123944,0,0.2673291297803135,5.49570319999475,60,N6,small
case_071,3,5,baseline,26796,690006,0,0.3402948692746216,0.14733079995494336,1,baseline,small
case_071,3,5,multiseed,15519,260838,0,0.2485765523425241,1.3716782998526469,13,critical-12,small
case_071,3,5,vns,13520,189416,0,0.2245194778049694,7.472706199856475,64,N2,small
case_072,1,2,baseline,12475928,95850544,18116656,0,26.501358599984087,1,baseline,extra-large
case_072,1,2,multiseed,11656349,103395376,3158064,0,173.654735899996,4,pipe-32,extra-large
case_072,1,2,vns,11656349,103395376,3158064,0,312.9073987000156,13,pipe-32,extra-large
case_072,1,3,baseline,8424131,105214000,3158064,0,21.49687370005995,1,baseline,extra-large
case_072,1,3,multiseed,7787177,108765574,3158064,0,152.4657959000906,4,pipe-32,extra-large
case_072,1,3,vns,7787041,108765574,3158064,0,307.98530040006153,14,N2,extra-large
case_072,1,4,baseline,6159801,107647024,3158064,0,21.46829320001416,1,baseline,extra-large
case_072,1,4,multiseed,5952805,121882972,3158064,0,142.98032249999233,4,pipe-32,extra-large
case_072,1,4,vns,5870346,121882972,3158064,0,312.17305550002493,16,N2,extra-large
case_072,1,5,baseline,5041917,109234028,3158064,0,18.425487499916926,1,baseline,extra-large
case_072,1,5,multiseed,4986014,88027184,28299312,0,146.9320560998749,5,affinity-4,extra-large
case_072,1,5,vns,4986014,88027184,28299312,0,301.79359139990993,8,affinity-4,extra-large
case_072,2,2,baseline,12196884,93605936,82325552,0,15.507956000044942,1,baseline,extra-large
case_072,2,2,multiseed,12004233,82538544,74059824,0,138.92605180002283,8,pipe-32,extra-large
case_072,2,2,vns,11958823,83324976,75034672,0,305.2839081999846,19,N4,extra-large
case_072,2,3,baseline,8325462,91639856,74100784,0,12.420737099950202,1,baseline,extra-large
case_072,2,3,multiseed,8030776,101060656,93900848,0,136.11017639993224,9,pipe-2,extra-large
case_072,2,3,vns,8030776,101060656,93900848,0,260.3805819998961,20,pipe-2,extra-large
case_072,2,4,baseline,6411705,99668016,76247088,0,11.413584200083278,1,baseline,extra-large
case_072,2,4,multiseed,5994550,103139644,76353552,0,150.41205949999858,10,pipe-32,extra-large
case_072,2,4,vns,5990292,102689084,76279824,0,277.31545500003267,20,N2,extra-large
case_072,2,5,baseline,5330532,97503084,69275696,0,10.561810899991542,1,baseline,extra-large
case_072,2,5,multiseed,5020894,96448560,82505776,0,152.50972360000014,10,pipe-2,extra-large
case_072,2,5,vns,5020894,96448560,82505776,0,246.6649260999402,20,pipe-2,extra-large
case_072,3,2,baseline,12183602,93605936,82325552,0.14778245998470452,15.742122600087896,1,baseline,extra-large
case_072,3,2,multiseed,11992130,102371376,98414640,0.10396637069772256,141.02059560013004,8,pipe-2,extra-large
case_072,3,2,vns,11992130,102371376,98414640,0.10396637069772256,310.00595370004885,20,pipe-2,extra-large
case_072,3,3,baseline,8319383,91639856,74100784,0.2650623202421266,12.636624000035226,1,baseline,extra-large
case_072,3,3,multiseed,8011757,100642864,93483056,0.1403263607291016,137.24204399995506,9,affinity-2,extra-large
case_072,3,3,vns,8011757,100642864,93483056,0.1403263607291016,265.52733770001214,20,affinity-2,extra-large
case_072,3,4,baseline,6368094,99668016,76247088,0.1357542450103454,11.532851399970241,1,baseline,extra-large
case_072,3,4,multiseed,5971148,103139644,76353552,0.19828450738373943,151.4745573999826,10,pipe-32,extra-large
case_072,3,4,vns,5967270,102689084,76279824,0.19395343876916846,280.27437829994597,20,N4,extra-large
case_072,3,5,baseline,5302283,97503084,69275696,0.20266737731545292,10.721030100015923,1,baseline,extra-large
case_072,3,5,multiseed,4999858,96448560,82505776,0.162710221273884,153.9460631000111,10,pipe-2,extra-large
case_072,3,5,vns,4996840,96931888,83177520,0.16751812781228,250.5842573000118,20,N2,extra-large
case_073,1,2,baseline,6071178,141420800,0,0,1.0697591000935063,1,baseline,medium
case_073,1,2,multiseed,5620703,142219520,0,0,17.582434700103477,9,pipe-32,medium
case_073,1,2,vns,5475172,142155520,0,0,50.22234360012226,40,N8,medium
case_073,1,3,baseline,4565500,141420800,0,0,0.9082384001230821,1,baseline,medium
case_073,1,3,multiseed,4565500,141420800,0,0,16.10297550004907,9,baseline,medium
case_073,1,3,vns,3891862,141453568,0,0,47.24464590009302,40,N6,medium
case_073,1,4,baseline,4406542,142059776,0,0,1.0791551999282092,1,baseline,medium
case_073,1,4,multiseed,3930651,142658816,0,0,17.049371999921277,10,pipe-32,medium
case_073,1,4,vns,3586589,142631168,0,0,57.21106769994367,40,N7,medium
case_073,1,5,baseline,4358970,142099712,0,0,1.1798730000155047,1,baseline,medium
case_073,1,5,multiseed,3314335,142698752,0,0,17.37516199995298,10,pipe-32,medium
case_073,1,5,vns,3266085,142607616,0,0,61.70386949996464,40,N4,medium
case_073,2,2,baseline,5980423,141121024,137399424,0,1.0039240999612957,1,baseline,medium
case_073,2,2,multiseed,5575995,125463936,121439232,0,9.878856200026348,9,pipe-32,medium
case_073,2,2,vns,5414140,125454720,121413632,0,42.265123400022276,40,N2,medium
case_073,2,3,baseline,4515227,140671616,133228416,0,0.9723927000304684,1,baseline,medium
case_073,2,3,multiseed,4515227,140671616,133228416,0,9.86780909996014,9,baseline,medium
case_073,2,3,vns,3806377,143758464,136266112,0,41.20008450001478,40,N5,medium
case_073,2,4,baseline,3893600,139172736,127368960,0,1.1098911999724805,1,baseline,medium
case_073,2,4,multiseed,3569142,127370368,115330048,0,10.19838910002727,10,pipe-32,medium
case_073,2,4,vns,3566462,127371392,115331072,0,39.48845079995226,40,N6,medium
case_073,2,5,baseline,4307672,137213440,121648128,0,0.924615699914284,1,baseline,medium
case_073,2,5,multiseed,3306811,123359744,107570176,0,10.23982989997603,10,pipe-32,medium
case_073,2,5,vns,3222140,123355648,107565056,0,39.50402749993373,40,N2,medium
case_073,3,2,baseline,5980423,141121024,137399424,0.0,1.0662974000442773,1,baseline,medium
case_073,3,2,multiseed,5314978,125463936,121439232,0.13910819018337892,9.775215600035153,9,pipe-32,medium
case_073,3,2,vns,5314978,125463936,121439232,0.13910819018337892,34.006313800113276,33,pipe-32,medium
case_073,3,3,baseline,4515227,140671616,133228416,0.0,0.9313758000498638,1,baseline,medium
case_073,3,3,multiseed,4515227,140671616,133228416,0.0,9.381434899987653,9,baseline,medium
case_073,3,3,vns,4080713,139944576,132480896,0.06943156528189912,40.57185720000416,40,N5,medium
case_073,3,4,baseline,4072643,139172736,127368960,0.13827029838832636,0.9944763000821695,1,baseline,medium
case_073,3,4,multiseed,3163561,127370368,115330048,0.2614960207212467,10.290645000059158,10,pipe-32,medium
case_073,3,4,vns,3010693,127374464,115317760,0.34495946332498695,40.72240760002751,40,N6,medium
case_073,3,5,baseline,4327433,137213440,121648128,0.028113702610649046,0.9450246000196785,1,baseline,medium
case_073,3,5,multiseed,2852160,123359744,107570176,0.2652784220744635,10.774295600014739,10,pipe-32,medium
case_073,3,5,vns,2690314,123354624,107588608,0.32594794381821474,40.655438699992374,40,N1,medium
case_074,1,2,baseline,947378,12353668,0,0,0.8949073001276702,1,baseline,medium
case_074,1,2,multiseed,829709,7294984,2822152,0,19.7706645000726,14,affinity-2,medium
case_074,1,2,vns,829709,7294984,2822152,0,52.111652700114064,34,affinity-2,medium
case_074,1,3,baseline,849453,13213828,0,0,0.8448689000215381,1,baseline,medium
case_074,1,3,multiseed,554615,8200200,1384456,0,19.877102500060573,14,pipe-2,medium
case_074,1,3,vns,554121,8114184,1404936,0,56.59075900004245,38,N4,medium
case_074,1,4,baseline,1599991,15597720,0,0,0.8619837000733241,1,baseline,medium
case_074,1,4,multiseed,422716,10919960,122888,0,18.845280000125058,14,affinity-4,medium
case_074,1,4,vns,417969,10870800,122888,0,53.00659710005857,40,N6,medium
case_074,1,5,baseline,1487448,15450288,0,0,0.86455419997219,1,baseline,medium
case_074,1,5,multiseed,364048,9601032,73736,0,19.57657619996462,14,affinity-2,medium
case_074,1,5,vns,356951,9551880,73736,0,56.71311089990195,38,N4,medium
case_074,2,2,baseline,859060,6791252,3883008,0,0.7359809000045061,1,baseline,medium
case_074,2,2,multiseed,835349,11337744,6807552,0,10.565244399942458,14,pipe-32,medium
case_074,2,2,vns,834579,11358224,6819840,0,36.29450439999346,40,N6,medium
case_074,2,3,baseline,594083,8183940,2842624,0,0.8163020999636501,1,baseline,medium
case_074,2,3,multiseed,555234,7299080,3203080,0,10.539906799909659,14,affinity-4,medium
case_074,2,3,vns,552262,7208968,3645448,0,26.641507899970748,38,N4,medium
case_074,2,4,baseline,1361816,11264152,2818048,0,0.8226918999571353,1,baseline,medium
case_074,2,4,multiseed,410432,7839748,2260992,0,10.275835999869741,14,affinity-12,medium
case_074,2,4,vns,409612,7454724,2088960,0,29.49166379997041,40,N4,medium
case_074,2,5,baseline,1343528,11444316,901120,0,0.8127119999844581,1,baseline,medium
case_074,2,5,multiseed,354805,14069812,512000,0,10.47066089999862,14,pipe-32,medium
case_074,2,5,vns,353899,13901876,753664,0,35.551945699960925,40,N7,medium
case_074,3,2,baseline,859043,6791252,3883008,0.191548053735347,0.7539639000315219,1,baseline,medium
case_074,3,2,multiseed,833718,11337744,6807552,0.15928877400854702,10.524959799950011,14,pipe-32,medium
case_074,3,2,vns,833718,11337744,6807552,0.15928877400854702,34.35570319998078,38,pipe-32,medium
case_074,3,3,baseline,592794,8183940,2842624,0.28114796678465404,0.7617384999757633,1,baseline,medium
case_074,3,3,multiseed,553686,7299080,3203080,0.26627151619251377,10.664525299915113,14,affinity-4,medium
case_074,3,3,vns,551505,7299080,3203080,0.2832833075048133,27.039175999932922,38,N4,medium
case_074,3,4,baseline,1357432,11264152,2818048,0.17910322254957828,0.8084696000441909,1,baseline,medium
case_074,3,4,multiseed,410256,7839748,2260992,0.3945689335021309,10.440078400075436,14,affinity-12,medium
case_074,3,4,vns,408570,7651332,2285568,0.3691747873137469,29.954488100018352,40,N4,medium
case_074,3,5,baseline,1340166,11444316,901120,0.2054013758364043,0.7944575999863446,1,baseline,medium
case_074,3,5,multiseed,347285,14069812,512000,0.348068201208895,10.616266799974255,14,pipe-32,medium
case_074,3,5,vns,344084,14024756,688128,0.33962679091464204,36.91998160001822,40,N5,medium
case_075,1,2,baseline,1457748,1989106,0,0,1.1848208999726921,1,baseline,medium
case_075,1,2,multiseed,1292985,6210862,0,0,28.232123299967498,14,pipe-32,medium
case_075,1,2,vns,1267220,6186414,0,0,68.64915659988765,40,N7,medium
case_075,1,3,baseline,1458083,2991366,0,0,1.2523704998893663,1,baseline,medium
case_075,1,3,multiseed,1232986,5434718,0,0,26.601059999899007,14,balanced-32,medium
case_075,1,3,vns,1172753,5416156,0,0,67.67155669990461,40,N7,medium
case_075,1,4,baseline,1469673,3576908,0,0,1.4019511999795213,1,baseline,medium
case_075,1,4,multiseed,892050,6458810,0,0,27.41063599998597,14,balanced-32,medium
case_075,1,4,vns,851846,6456122,0,0,74.90896949998569,40,N7,medium
case_075,1,5,baseline,1509311,4311700,0,0,1.3597332000499591,1,baseline,medium
case_075,1,5,multiseed,1044196,8265184,0,0,27.55168490007054,14,pipe-32,medium
case_075,1,5,vns,1033725,8238302,0,0,82.24897120008245,40,N7,medium
case_075,2,2,baseline,1215934,1596166,0,0,1.6443345000734553,1,baseline,medium
case_075,2,2,multiseed,1139870,2660134,0,0,23.686949700000696,14,pipe-32,medium
case_075,2,2,vns,1116508,2494502,0,0,75.31284120003693,40,N8,medium
case_075,2,3,baseline,1139525,2862540,0,0,1.6430496000684798,1,baseline,medium
case_075,2,3,multiseed,771588,4372076,0,0,23.193057600059547,14,balanced-32,medium
case_075,2,3,vns,770014,4328940,0,0,71.41349880001508,40,N6,medium
case_075,2,4,baseline,890238,3793936,0,0,1.6182384999701753,1,baseline,medium
case_075,2,4,multiseed,713059,5968786,0,0,23.156240199925378,14,balanced-32,medium
case_075,2,4,vns,676638,5891090,0,0,70.13143299997319,40,N7,medium
case_075,2,5,baseline,944554,4822968,0,0,1.5908207000466064,1,baseline,medium
case_075,2,5,multiseed,807651,6384568,0,0,23.425544300000183,14,pipe-32,medium
case_075,2,5,vns,796959,6144568,0,0,70.23637220007367,40,N7,medium
case_075,3,2,baseline,1215934,1596166,0,0.006678504368325113,1.7198384999064729,1,baseline,medium
case_075,3,2,multiseed,1139714,2660134,0,0.16498614061191033,23.416878199903294,14,pipe-32,medium
case_075,3,2,vns,1116404,2494502,0,0.16457652861542219,74.22882099996787,40,N8,medium
case_075,3,3,baseline,1139473,2862540,0,0.16795620937078554,1.718122599995695,1,baseline,medium
case_075,3,3,multiseed,771501,4372076,0,0.30741224510667864,23.33513220003806,14,balanced-32,medium
case_075,3,3,vns,769927,4328940,0,0.30502532483783024,71.67021240002941,40,N6,medium
case_075,3,4,baseline,889872,3793936,0,0.18793713189060832,1.6368094999343157,1,baseline,medium
case_075,3,4,multiseed,712250,5968786,0,0.3254989848485076,23.296489499974996,14,balanced-32,medium
case_075,3,4,vns,676010,5891090,0,0.33191977068704737,69.91847329994198,40,N7,medium
case_075,3,5,baseline,944479,4822968,0,0.2616871271592985,1.6155254000332206,1,baseline,medium
case_075,3,5,multiseed,806367,6384568,0,0.33666134911369167,23.054714299971238,14,pipe-32,medium
case_075,3,5,vns,795959,6181688,0,0.33064640932059314,70.71910079999361,40,N7,medium
case_076,1,2,baseline,3199741,31710296,0,0,25.90503449982498,1,baseline,extra-large
case_076,1,2,multiseed,3065568,42680320,0,0,211.2916840998223,4,pipe-32,extra-large
case_076,1,2,vns,3063016,42680320,0,0,303.64521079987753,12,N2,extra-large
case_076,1,3,baseline,2233039,40839192,0,0,19.986621499992907,1,baseline,extra-large
case_076,1,3,multiseed,2047373,22446080,8924160,0,212.1205727000488,4,affinity-4,extra-large
case_076,1,3,vns,2047373,22446080,8924160,0,330.6525549000362,6,affinity-4,extra-large
case_076,1,4,baseline,1754604,42946584,0,0,20.759284299914725,1,baseline,extra-large
case_076,1,4,multiseed,1538377,24334336,6324224,0,209.82944929995574,4,affinity-4,extra-large
case_076,1,4,vns,1538377,24334336,6324224,0,323.0832617999986,6,affinity-4,extra-large
case_076,1,5,baseline,1435440,46057496,0,0,21.268138300045393,1,baseline,extra-large
case_076,1,5,multiseed,1251283,52546560,0,0,211.58172140002716,4,pipe-32,extra-large
case_076,1,5,vns,1251283,52546560,0,0,313.3144904000219,10,pipe-32,extra-large
case_076,2,2,baseline,3242119,25988160,20596736,0,18.989900000044145,1,baseline,extra-large
case_076,2,2,multiseed,3094078,22297600,19789824,0,137.46171890001278,7,affinity-4,extra-large
case_076,2,2,vns,3094078,22297600,19789824,0,310.0515222999966,17,affinity-4,extra-large
case_076,2,3,baseline,2159363,25620504,16868352,0,15.368873200030066,1,baseline,extra-large
case_076,2,3,multiseed,2058366,22681600,18274304,0,142.46191900002304,9,affinity-2,extra-large
case_076,2,3,vns,2057374,22785024,18377728,0,279.30289829999674,20,N4,extra-large
case_076,2,4,baseline,1689423,26980512,15645696,0,13.99845740001183,1,baseline,extra-large
case_076,2,4,multiseed,1548743,22208512,16251904,0,155.3285721000284,10,pipe-2,extra-large
case_076,2,4,vns,1548137,21839872,17604608,0,268.9135665000649,20,N2,extra-large
case_076,2,5,baseline,1313888,26559512,11784192,0,12.70940180006437,1,baseline,extra-large
case_076,2,5,multiseed,1251104,22808576,8714240,0,146.0678991000168,10,pipe-32,extra-large
case_076,2,5,vns,1245861,22726656,8597504,0,271.2168642000761,20,N2,extra-large
case_076,3,2,baseline,3226058,25988160,20596736,0.34296424906367684,19.556480500032194,1,baseline,extra-large
case_076,3,2,multiseed,3089587,22297600,19789824,0.29968393462843046,139.96911360009108,7,affinity-4,extra-large
case_076,3,2,vns,3089132,22248448,19789824,0.30093450725980847,310.2988137000939,17,N4,extra-large
case_076,3,3,baseline,2158248,25620504,16868352,0.31083694781904936,15.903414600063115,1,baseline,extra-large
case_076,3,3,multiseed,2058197,22681600,18274304,0.22257684562483376,144.7079221000895,9,affinity-2,extra-large
case_076,3,3,vns,2056318,22681600,18274304,0.22257684562483376,281.3576009001117,20,N1,extra-large
case_076,3,4,baseline,1676861,26980512,15645696,0.30721317031622514,14.211534899892285,1,baseline,extra-large
case_076,3,4,multiseed,1544775,23049216,16232448,0.42795561886198363,160.75643289997242,10,affinity-4,extra-large
case_076,3,4,vns,1544775,23049216,16232448,0.42795561886198363,285.49126239994075,20,affinity-4,extra-large
case_076,3,5,baseline,1296398,26559512,11784192,0.45531994991906627,13.31023190007545,1,baseline,extra-large
case_076,3,5,multiseed,1245498,22808576,8714240,0.48066883559052737,149.23558700003196,10,pipe-32,extra-large
case_076,3,5,vns,1243002,22935552,9049088,0.48124858799608405,271.28130889998283,20,N2,extra-large
case_077,1,2,baseline,438756,2516992,0,0,0.7052571000531316,1,baseline,medium
case_077,1,2,multiseed,256473,1862158,0,0,18.871672000037506,14,affinity-12,medium
case_077,1,2,vns,256335,1755666,0,0,42.19606440002099,40,N6,medium
case_077,1,3,baseline,386978,3647722,0,0,0.7631595000857487,1,baseline,medium
case_077,1,3,multiseed,184841,1119392,0,0,17.684653800097294,14,pipe-4,medium
case_077,1,3,vns,168996,990826,0,0,49.2759878000943,40,N4,medium
case_077,1,4,baseline,341675,3277696,0,0,0.8069129000650719,1,baseline,medium
case_077,1,4,multiseed,156792,2801504,0,0,15.623153300024569,14,affinity-12,medium
case_077,1,4,vns,155839,2712122,0,0,40.44710450002458,40,N7,medium
case_077,1,5,baseline,288522,3736624,0,0,0.8675852998858318,1,baseline,medium
case_077,1,5,multiseed,128805,506092,0,0,16.433009299915284,14,affinity-2,medium
case_077,1,5,vns,128067,453338,0,0,56.27028609986883,40,N6,medium
case_077,2,2,baseline,377498,1478294,0,0,0.7885999999707565,1,baseline,medium
case_077,2,2,multiseed,246445,57344,0,0,10.074953499948606,14,affinity-12,medium
case_077,2,2,vns,246432,57344,0,0,29.706689599901438,40,N6,medium
case_077,2,3,baseline,304108,2377520,0,0,0.7833455000072718,1,baseline,medium
case_077,2,3,multiseed,180571,457654,0,0,10.335792599944398,14,pipe-4,medium
case_077,2,3,vns,167493,540266,0,0,28.835756399901584,40,N2,medium
case_077,2,4,baseline,205113,2207444,0,0,0.808898700051941,1,baseline,medium
case_077,2,4,multiseed,146460,172032,0,0,10.55389570002444,14,affinity-12,medium
case_077,2,4,vns,146113,233472,0,0,30.727974000037648,40,N6,medium
case_077,2,5,baseline,174281,2708088,0,0,0.7397104999981821,1,baseline,medium
case_077,2,5,multiseed,119967,204800,0,0,10.203425699961372,14,affinity-12,medium
case_077,2,5,vns,119902,172036,0,0,29.793818000005558,40,N7,medium
case_077,3,2,baseline,377394,1478294,0,0.04093659924722743,0.8282257999526337,1,baseline,medium
case_077,3,2,multiseed,246445,57344,0,0.026082004763022353,10.291977899963968,14,affinity-12,medium
case_077,3,2,vns,246432,57344,0,0.026082004763022353,30.10033669997938,40,N6,medium
case_077,3,3,baseline,303863,2377520,0,0.07093670107340912,0.7824463000288233,1,baseline,medium
case_077,3,3,multiseed,180571,457654,0,0.050911439818971435,10.255426199990325,14,pipe-4,medium
case_077,3,3,vns,167493,540266,0,0.07406153338589899,28.697740200092085,40,N2,medium
case_077,3,4,baseline,204455,2207444,0,0.10548510114640791,0.7517744000069797,1,baseline,medium
case_077,3,4,multiseed,146044,172032,0,0.04957783107363878,10.419217399903573,14,affinity-12,medium
case_077,3,4,vns,145697,233472,0,0.050631271152485446,30.797060199896805,40,N6,medium
case_077,3,5,baseline,173776,2708088,0,0.12543480421387398,0.7472206000238657,1,baseline,medium
case_077,3,5,multiseed,119967,204800,0,0.042196425597379204,10.313107400084846,14,affinity-12,medium
case_077,3,5,vns,119902,172036,0,0.04249524703734156,29.90807250002399,40,N7,medium
case_078,1,2,baseline,1865879,15874944,0,0,0.17516759992577136,1,baseline,small
case_078,1,2,multiseed,1080972,15039360,0,0,1.7660227000014856,12,affinity-4,small
case_078,1,2,vns,1079167,15088512,0,0,6.043136499938555,37,N6,small
case_078,1,3,baseline,2229664,16169856,0,0,0.17125770007260144,1,baseline,small
case_078,1,3,multiseed,810043,15432576,0,0,2.2130956000182778,13,pipe-4,small
case_078,1,3,vns,755234,15381336,0,0,11.349303200026043,64,N4,small
case_078,1,4,baseline,1786879,16759680,0,0,0.20471429999452084,1,baseline,small
case_078,1,4,multiseed,619540,15039360,0,0,2.3413737999508157,13,affinity-2,small
case_078,1,4,vns,619420,15088512,0,0,8.994114000000991,54,N6,small
case_078,1,5,baseline,1753552,16710528,0,0,0.26360639999620616,1,baseline,small
case_078,1,5,multiseed,581927,15408000,0,0,2.8444680999964476,14,pipe-2,small
case_078,1,5,vns,502804,15463296,0,0,12.510362399974838,64,N5,small
case_078,2,2,baseline,1945748,13435920,10697616,0,0.14724169997498393,1,baseline,small
case_078,2,2,multiseed,1108936,5217408,3068928,0,1.380199300008826,12,pipe-32,small
case_078,2,2,vns,1088776,5096064,2893824,0,9.783505099941976,64,N2,small
case_078,2,3,baseline,1632088,12352056,8190360,0,0.1839473000727594,1,baseline,small
case_078,2,3,multiseed,712246,6115584,24576,0,1.725995400105603,13,pipe-32,small
case_078,2,3,vns,710734,6038784,24576,0,11.949292800039984,64,N2,small
case_078,2,4,baseline,1741495,13372944,5244048,0,0.17120390001218766,1,baseline,small
case_078,2,4,multiseed,567504,6445440,0,0,1.6968859999906272,13,pipe-32,small
case_078,2,4,vns,540618,6562176,0,0,9.688514199922793,64,N4,small
case_078,2,5,baseline,1661862,12738024,4394016,0,0.19154249993152916,1,baseline,small
case_078,2,5,multiseed,477900,12023808,0,0,2.0247509999899194,14,pipe-32,small
case_078,2,5,vns,477048,12036096,0,0,12.750806899974123,59,N6,small
case_078,3,2,baseline,1945748,13435920,10697616,0.0,0.16421289998106658,1,baseline,small
case_078,3,2,multiseed,1083672,5217408,3068928,0.36575298973436343,1.4589748999569565,12,pipe-32,small
case_078,3,2,vns,1074148,5068416,2890752,0.6191718952834271,6.870492100017145,45,N2,small
case_078,3,3,baseline,1632088,12352056,8190360,0.0,0.157869299990125,1,baseline,small
case_078,3,3,multiseed,712246,6115584,24576,0.5536703333505075,1.7744038000237197,13,pipe-32,small
case_078,3,3,vns,707541,6023424,49152,0.5781987142931204,12.447722799959593,64,N2,small
case_078,3,4,baseline,1741495,13372944,5244048,0.0028063337393422656,0.18237619998399168,1,baseline,small
case_078,3,4,multiseed,567504,6445440,0,0.0,1.747532399953343,13,pipe-32,small
case_078,3,4,vns,529083,6568320,0,0.638154720126338,9.995548599981703,64,N6,small
case_078,3,5,baseline,1661862,12738024,4394016,0.006806925454006688,0.1825115999672562,1,baseline,small
case_078,3,5,multiseed,453073,12023808,0,0.4707771355170199,2.1542807000223547,14,pipe-32,small
case_078,3,5,vns,434873,11972064,0,0.6057813876862955,11.119371499982662,50,N4,small
case_079,1,2,baseline,14727236,40415232,0,0,7.560864400118589,1,baseline,large
case_079,1,2,multiseed,14727236,40415232,0,0,216.6556645000819,7,baseline,large
case_079,1,2,vns,14727236,40415232,0,0,305.43072950001806,18,baseline,large
case_079,1,3,baseline,9827696,40415232,0,0,6.365150399971753,1,baseline,large
case_079,1,3,multiseed,9827696,40415232,0,0,179.3712702000048,7,baseline,large
case_079,1,3,vns,9827696,40415232,0,0,301.5774905999424,25,baseline,large
case_079,1,4,baseline,7380188,45281280,0,0,6.277672299998812,1,baseline,large
case_079,1,4,multiseed,7380188,45281280,0,0,187.5141869999934,7,baseline,large
case_079,1,4,vns,7380188,45281280,0,0,300.64316119998693,24,baseline,large
case_079,1,5,baseline,6164744,47714304,0,0,5.772314200061373,1,baseline,large
case_079,1,5,multiseed,6079537,75620352,0,0,170.72318840015214,7,pipe-32,large
case_079,1,5,vns,6030008,75737088,0,0,306.7609255000716,26,N6,large
case_079,2,2,baseline,14860116,31944704,26132480,0,8.427960600005463,1,baseline,large
case_079,2,2,multiseed,14860116,31944704,26132480,0,85.06566849991214,11,baseline,large
case_079,2,2,vns,14860116,31944704,26132480,0,209.3908050999744,26,baseline,large
case_079,2,3,baseline,10254354,36311040,28336128,0,7.167332799988799,1,baseline,large
case_079,2,3,multiseed,9859507,32677888,21053440,0,81.61351159994956,11,balanced-32,large
case_079,2,3,vns,9859507,32677888,21053440,0,188.06826869992074,26,balanced-32,large
case_079,2,4,baseline,7651899,39809024,26968064,0,6.953116899938323,1,baseline,large
case_079,2,4,multiseed,7635624,30445568,19496960,0,74.19724150002003,11,pipe-32,large
case_079,2,4,vns,7621285,30420992,18931712,0,170.8650829999242,26,N2,large
case_079,2,5,baseline,6336767,44027904,24428544,0,6.654743000050075,1,baseline,large
case_079,2,5,multiseed,6031014,50632704,28069888,0,84.03347020002548,11,pipe-32,large
case_079,2,5,vns,6014575,50350080,27850752,0,186.73454660002608,26,N5,large
case_079,3,2,baseline,14860116,31944704,26132480,0.09069212410501193,8.587106499937363,1,baseline,large
case_079,3,2,multiseed,14860116,31944704,26132480,0.09069212410501193,88.48739939997904,11,baseline,large
case_079,3,2,vns,14860116,31944704,26132480,0.09069212410501193,218.6833300999133,26,baseline,large
case_079,3,3,baseline,10254354,36311040,28336128,0.0,7.541245800093748,1,baseline,large
case_079,3,3,multiseed,9859507,32677888,21053440,0.1903267000106417,84.5609029000625,11,balanced-32,large
case_079,3,3,vns,9859507,32677888,21053440,0.1903267000106417,195.8799065001076,26,balanced-32,large
case_079,3,4,baseline,7643907,39809024,26968064,0.13175615011671754,7.189620399964042,1,baseline,large
case_079,3,4,multiseed,7635624,30445568,19496960,0.0,75.56766269996297,11,pipe-32,large
case_079,3,4,vns,7621534,30420992,18931712,0.24287813701107847,174.35289719991852,26,N2,large
case_079,3,5,baseline,6336767,44027904,24428544,0.0,6.626311400090344,1,baseline,large
case_079,3,5,multiseed,6028190,50632704,28069888,0.474893459329257,86.93595750001259,11,pipe-32,large
case_079,3,5,vns,6027095,50731008,28149760,0.42573853738092593,192.84278460009955,26,N5,large
case_080,1,2,baseline,229243,8048640,0,0,0.29545949993189424,1,baseline,small
case_080,1,2,multiseed,154856,5443584,0,0,3.5227947999956086,12,affinity-12,small
case_080,1,2,vns,151806,4509696,0,0,16.498180899885483,64,N4,small
case_080,1,3,baseline,198635,8638464,0,0,0.3755730000557378,1,baseline,small
case_080,1,3,multiseed,104402,1904640,0,0,3.8834388001123443,13,affinity-2,small
case_080,1,3,vns,104402,1904640,0,0,9.352372900117189,37,affinity-2,small
case_080,1,4,baseline,182633,8491008,0,0,0.36673250002786517,1,baseline,small
case_080,1,4,multiseed,120559,3428352,0,0,4.265877699945122,12,balanced-2,small
case_080,1,4,vns,107027,3317760,0,0,11.981260400032625,38,N8,small
case_080,1,5,baseline,189472,8933376,0,0,0.38808439997956157,1,baseline,small
case_080,1,5,multiseed,105097,3477504,0,0,4.861328199971467,14,pipe-2,small
case_080,1,5,vns,97266,3416064,0,0,17.806691500009038,64,N6,small
case_080,2,2,baseline,184340,4345856,32768,0,0.2580084000946954,1,baseline,small
case_080,2,2,multiseed,145224,1650688,0,0,2.2079973000800237,12,pipe-32,small
case_080,2,2,vns,145224,1650688,0,0,6.713256600080058,36,pipe-32,small
case_080,2,3,baseline,150040,6414336,0,0,0.2839474000502378,1,baseline,small
case_080,2,3,multiseed,101509,786432,24576,0,2.403235699981451,13,affinity-2,small
case_080,2,3,vns,101399,909312,131072,0,6.552893999963999,38,N6,small
case_080,2,4,baseline,156943,7323648,0,0,0.32051530003082007,1,baseline,small
case_080,2,4,multiseed,91774,2666496,0,0,2.621916600037366,12,affinity-4,small
case_080,2,4,vns,85853,2379776,0,0,12.171837700065225,64,N5,small
case_080,2,5,baseline,166263,7778304,0,0,0.3163506999844685,1,baseline,small
case_080,2,5,multiseed,89370,2433024,0,0,3.088608399964869,14,pipe-4,small
case_080,2,5,vns,85746,2289664,0,0,12.280037299962714,59,N6,small
case_080,3,2,baseline,183747,4345856,32768,0.3141186299081036,0.2514047999866307,1,baseline,small
case_080,3,2,multiseed,145224,1650688,0,0.2799539170506912,2.4765644000144675,12,pipe-32,small
case_080,3,2,vns,145224,1650688,0,0.2799539170506912,7.2705029000062495,36,pipe-32,small
case_080,3,3,baseline,142650,6414336,0,0.3324952859836581,0.3215376000152901,1,baseline,small
case_080,3,3,multiseed,101072,2588672,458752,0.14028436018957346,2.6787791999522597,13,pipe-32,small
case_080,3,3,vns,98453,2535424,401408,0.17511961722488037,13.834585599950515,64,N2,small
case_080,3,4,baseline,117263,7323648,0,0.357495881383855,0.34106930007692426,1,baseline,small
case_080,3,4,multiseed,75571,3633152,0,0.25774877650897227,2.766050400095992,12,pipe-32,small
case_080,3,4,vns,75189,3506176,0,0.2964196502914238,15.935831200098619,64,N5,small
case_080,3,5,baseline,128515,7778304,0,0.35942492012779553,0.33535459998529404,1,baseline,small
case_080,3,5,multiseed,76434,2433024,0,0.39217557251908397,3.372921400004998,14,pipe-4,small
case_080,3,5,vns,71890,2146304,0,0.37895812053115424,13.762030499987304,64,N2,small
case_081,1,2,baseline,80185,0,0,0,0.5440069000469521,1,baseline,medium
case_081,1,2,multiseed,77305,0,0,0,11.02373360004276,12,affinity-2,medium
case_081,1,2,vns,76986,6144,0,0,34.18702449998818,35,N6,medium
case_081,1,3,baseline,56707,0,0,0,0.48499180004000664,1,baseline,medium
case_081,1,3,multiseed,52531,0,0,0,11.117969100014307,12,affinity-2,medium
case_081,1,3,vns,52069,6144,0,0,33.38986070000101,38,N6,medium
case_081,1,4,baseline,94593,286944,0,0,0.5907151999417692,1,baseline,medium
case_081,1,4,multiseed,45741,0,0,0,12.158536899951287,12,affinity-2,medium
case_081,1,4,vns,45083,6144,0,0,33.041994699975476,40,N6,medium
case_081,1,5,baseline,241726,688800,0,0,0.67853599996306,1,baseline,medium
case_081,1,5,multiseed,38597,0,0,0,12.398926799884066,12,affinity-4,medium
case_081,1,5,vns,36658,6144,0,0,29.90180439990945,40,N5,medium
case_081,2,2,baseline,76860,0,0,0,0.6299101999029517,1,baseline,medium
case_081,2,2,multiseed,76860,0,0,0,5.914595999871381,12,baseline,medium
case_081,2,2,vns,76860,0,0,0,21.10128929989878,36,baseline,medium
case_081,2,3,baseline,51943,0,0,0,0.636281100101769,1,baseline,medium
case_081,2,3,multiseed,51127,563792,0,0,6.895910500083119,12,pipe-32,medium
case_081,2,3,vns,50925,502286,0,0,27.410192000097595,40,N2,medium
case_081,2,4,baseline,59870,286944,0,0,0.6302192001603544,1,baseline,medium
case_081,2,4,multiseed,39588,0,0,0,7.223026500083506,12,affinity-12,medium
case_081,2,4,vns,39435,20496,0,0,24.493827500147745,40,N2,medium
case_081,2,5,baseline,139406,688800,0,0,0.6658038999885321,1,baseline,medium
case_081,2,5,multiseed,30943,0,0,0,7.346473900019191,12,affinity-12,medium
case_081,2,5,vns,30943,0,0,0,21.41903430002276,36,affinity-12,medium
case_081,3,2,baseline,76860,0,0,0.0,0.6412659999914467,1,baseline,medium
case_081,3,2,multiseed,76860,0,0,0.0,6.489193900022656,12,baseline,medium
case_081,3,2,vns,76860,0,0,0.0,22.041899600066245,36,baseline,medium
case_081,3,3,baseline,51943,0,0,0.0,0.6509967999299988,1,baseline,medium
case_081,3,3,multiseed,51127,563792,0,0.3070864936045977,6.982134399935603,12,pipe-32,medium
case_081,3,3,vns,50925,502286,0,0.283488168180578,28.17478029988706,40,N2,medium
case_081,3,4,baseline,59653,286944,0,0.2153115078113501,0.6701370000373572,1,baseline,medium
case_081,3,4,multiseed,39588,0,0,0.0,7.522196899983101,12,affinity-12,medium
case_081,3,4,vns,39435,20496,0,0.019224487190558973,25.435187199967913,40,N2,medium
case_081,3,5,baseline,139406,688800,0,0.39700822254171847,0.7387166001135483,1,baseline,medium
case_081,3,5,multiseed,30943,0,0,0.0,7.941734700114466,12,affinity-12,medium
case_081,3,5,vns,30943,0,0,0.0,22.084876000066288,36,affinity-12,medium
case_082,1,2,baseline,649758,1908102,0,0,0.6109653000021353,1,baseline,medium
case_082,1,2,multiseed,644445,3592980,0,0,11.441557299927808,14,balanced-32,medium
case_082,1,2,vns,597017,3582736,0,0,30.293360099894926,40,N7,medium
case_082,1,3,baseline,715059,2958058,0,0,0.6763889999128878,1,baseline,medium
case_082,1,3,multiseed,668926,1943498,0,0,11.669584899907932,14,affinity-4,medium
case_082,1,3,vns,643341,1828040,0,0,29.868359399959445,40,N6,medium
case_082,1,4,baseline,710167,3311258,0,0,0.732278999988921,1,baseline,medium
case_082,1,4,multiseed,691858,8809526,0,0,12.068086399929598,14,critical-12,medium
case_082,1,4,vns,681146,8780854,0,0,42.247022899915464,40,N7,medium
case_082,1,5,baseline,700878,3784724,0,0,0.7460256998892874,1,baseline,medium
case_082,1,5,multiseed,628551,1731838,0,0,12.88190869987011,14,balanced-4,medium
case_082,1,5,vns,603864,1745406,0,0,29.51543019991368,40,N7,medium
case_082,2,2,baseline,525486,1131462,0,0,0.6828456999501213,1,baseline,medium
case_082,2,2,multiseed,517479,1858950,0,0,9.136072500026785,14,balanced-32,medium
case_082,2,2,vns,490931,1800326,0,0,30.109543800004758,40,N6,medium
case_082,2,3,baseline,464499,2093708,0,0,0.7586054001003504,1,baseline,medium
case_082,2,3,multiseed,464499,2093708,0,0,9.268083200091496,14,baseline,medium
case_082,2,3,vns,408000,1892236,0,0,28.449154500034638,40,N7,medium
case_082,2,4,baseline,425757,2883118,0,0,0.7581385999219492,1,baseline,medium
case_082,2,4,multiseed,425757,2883118,0,0,9.729827899951488,14,baseline,medium
case_082,2,4,vns,391310,2720304,0,0,29.517179899965413,40,N8,medium
case_082,2,5,baseline,440062,3599766,0,0,0.7470467999810353,1,baseline,medium
case_082,2,5,multiseed,413676,1787348,0,0,9.670792599907145,14,balanced-4,medium
case_082,2,5,vns,378812,1387094,0,0,26.317525299964473,40,N8,medium
case_082,3,2,baseline,525486,1131462,0,0.14522354560199216,0.7286965999519452,1,baseline,medium
case_082,3,2,multiseed,517427,1858950,0,0.13120928872864648,9.569739099941216,14,balanced-32,medium
case_082,3,2,vns,490931,1800326,0,0.13365648678159017,30.870916499989107,40,N6,medium
case_082,3,3,baseline,464183,2093708,0,0.2805164701875161,0.7287422000663355,1,baseline,medium
case_082,3,3,multiseed,464183,2093708,0,0.2805164701875161,9.510052300058305,14,baseline,medium
case_082,3,3,vns,407632,1892236,0,0.2895177869012054,28.785651999991387,40,N7,medium
case_082,3,4,baseline,424750,2883118,0,0.35012548593283854,0.7534047999652103,1,baseline,medium
case_082,3,4,multiseed,424750,2883118,0,0.35012548593283854,9.63788489997387,14,baseline,medium
case_082,3,4,vns,390564,2720304,0,0.3276153246624444,29.487844299990684,40,N8,medium
case_082,3,5,baseline,439167,3599766,0,0.4208183178357954,0.7713561999844387,1,baseline,medium
case_082,3,5,multiseed,413592,1787348,0,0.28610640217772965,9.657236500061117,14,balanced-4,medium
case_082,3,5,vns,378786,1387094,0,0.25435850810316224,26.15109419997316,40,N8,medium
case_083,1,2,baseline,624895,27912000,0,0,0.6779660999309272,1,baseline,medium
case_083,1,2,multiseed,624895,27912000,0,0,9.263482899987139,9,baseline,medium
case_083,1,2,vns,542008,27412288,430688,0,26.056064400007017,33,N8,medium
case_083,1,3,baseline,728462,28927808,0,0,0.6497633000835776,1,baseline,medium
case_083,1,3,multiseed,537257,16010304,10427904,0,9.732452600030228,10,affinity-2,medium
case_083,1,3,vns,512807,16043072,10427904,0,34.93565390002914,40,N8,medium
case_083,1,4,baseline,618763,28991296,0,0,0.7506179000483826,1,baseline,medium
case_083,1,4,multiseed,499310,17952960,8648960,0,10.020191699964926,10,affinity-2,medium
case_083,1,4,vns,391537,18068384,8224000,0,38.790357999969274,40,N5,medium
case_083,1,5,baseline,553345,29181760,0,0,0.8487215000204742,1,baseline,medium
case_083,1,5,multiseed,451871,17952960,8648960,0,10.507108499994501,10,affinity-2,medium
case_083,1,5,vns,438246,17985728,8648960,0,31.772138500004075,40,N6,medium
case_083,2,2,baseline,644672,14241216,13310816,0,0.6930937001015991,1,baseline,medium
case_083,2,2,multiseed,452216,2208352,770048,0,6.044738200027496,9,pipe-32,medium
case_083,2,2,vns,445555,2187872,737280,0,28.178871200070716,40,N7,medium
case_083,2,3,baseline,573037,15378016,12501408,0,0.7487923000007868,1,baseline,medium
case_083,2,3,multiseed,306834,3273920,20480,0,6.694530999986455,10,pipe-32,medium
case_083,2,3,vns,297897,3257536,53248,0,27.814762800000608,40,N2,medium
case_083,2,4,baseline,566704,15541024,11699200,0,0.6714091000612825,1,baseline,medium
case_083,2,4,multiseed,239126,4212512,0,0,6.577821400016546,10,pipe-32,medium
case_083,2,4,vns,232560,4144928,0,0,28.418676299974322,40,N5,medium
case_083,2,5,baseline,450284,15796384,10805024,0,0.6621485999785364,1,baseline,medium
case_083,2,5,multiseed,202148,6560128,0,0,6.656243599951267,10,pipe-32,medium
case_083,2,5,vns,197937,6533504,0,0,30.504956900025718,40,N2,medium
case_083,3,2,baseline,535329,14241216,13310816,0.7076181170611782,0.7039082999108359,1,baseline,medium
case_083,3,2,multiseed,451778,2208352,770048,0.17377460664234085,6.138604099978693,9,pipe-32,medium
case_083,3,2,vns,441435,2187872,737280,0.33902535750110807,28.75978449988179,40,N7,medium
case_083,3,3,baseline,492569,15378016,12501408,0.7268498032696701,0.7040476000402123,1,baseline,medium
case_083,3,3,multiseed,308242,3273920,20480,0.3005433252872289,6.829070300096646,10,pipe-32,medium
case_083,3,3,vns,294382,3245248,32768,0.4974270718279349,28.201022500055842,40,N2,medium
case_083,3,4,baseline,491915,15541024,11699200,0.7439046557760549,0.670795000041835,1,baseline,medium
case_083,3,4,multiseed,236177,4212512,0,0.3086230914206113,6.490536900004372,10,pipe-32,medium
case_083,3,4,vns,222621,4175648,0,0.5532399155400773,29.39533750002738,40,N7,medium
case_083,3,5,baseline,371173,15796384,10805024,0.6852085323644109,0.6914862000849098,1,baseline,medium
case_083,3,5,multiseed,195541,6560128,0,0.33977021496182896,6.744225800037384,10,pipe-32,medium
case_083,3,5,vns,175637,6568320,0,0.49357149718642407,31.7932249000296,40,N6,medium
case_084,1,2,baseline,1283172,0,0,0,2.7226898999651894,1,baseline,medium
case_084,1,2,multiseed,1255772,0,0,0,85.25692880002316,8,affinity-2,medium
case_084,1,2,vns,1254745,9216,0,0,275.9972194000147,31,N6,medium
case_084,1,3,baseline,884732,0,0,0,2.3841642000479624,1,baseline,medium
case_084,1,3,multiseed,841700,0,0,0,79.10004450008273,8,affinity-2,medium
case_084,1,3,vns,840465,9216,0,0,234.37971260002814,34,N6,medium
case_084,1,4,baseline,672324,0,0,0,2.249528200016357,1,baseline,medium
case_084,1,4,multiseed,637148,0,0,0,73.12300230003893,8,affinity-2,medium
case_084,1,4,vns,635321,9216,0,0,236.98615320003591,40,N6,medium
case_084,1,5,baseline,525620,0,0,0,2.164495100034401,1,baseline,medium
case_084,1,5,multiseed,516404,0,0,0,73.64833100012038,8,affinity-2,medium
case_084,1,5,vns,514369,9216,0,0,219.87033270008396,40,N6,medium
case_084,2,2,baseline,1278332,0,0,0,2.9049215000122786,1,baseline,medium
case_084,2,2,multiseed,1255052,0,0,0,31.004435700015165,8,affinity-2,medium
case_084,2,2,vns,1253876,9216,0,0,100.77444049995393,31,N6,medium
case_084,2,3,baseline,878020,0,0,0,2.8206312999827787,1,baseline,medium
case_084,2,3,multiseed,840772,0,0,0,31.123264000052586,8,affinity-2,medium
case_084,2,3,vns,839098,9216,0,0,95.8620986000169,33,N5,medium
case_084,2,4,baseline,663948,0,0,0,2.6855311000254005,1,baseline,medium
case_084,2,4,multiseed,633736,0,0,0,30.749765200074762,8,pipe-32,medium
case_084,2,4,vns,633736,0,0,0,93.47335730004124,32,pipe-32,medium
case_084,2,5,baseline,515164,0,0,0,2.340769400005229,1,baseline,medium
case_084,2,5,multiseed,503576,0,0,0,29.138111200067215,8,pipe-32,medium
case_084,2,5,vns,503576,0,0,0,88.50185220001731,32,pipe-32,medium
case_084,3,2,baseline,1278332,0,0,0.0,3.113376000081189,1,baseline,medium
case_084,3,2,multiseed,1255052,0,0,0.0,32.41664250008762,8,affinity-2,medium
case_084,3,2,vns,1253876,9216,0,0.0,105.00531550007872,31,N6,medium
case_084,3,3,baseline,878020,0,0,0.0,2.878323199925944,1,baseline,medium
case_084,3,3,multiseed,840772,0,0,0.0,32.491301599889994,8,affinity-2,medium
case_084,3,3,vns,839098,9216,0,0.0,99.08777089987416,33,N5,medium
case_084,3,4,baseline,663948,0,0,0.0,2.656150200054981,1,baseline,medium
case_084,3,4,multiseed,633736,0,0,0.0,31.41742139996495,8,pipe-32,medium
case_084,3,4,vns,633736,0,0,0.0,95.53944349999074,32,pipe-32,medium
case_084,3,5,baseline,515164,0,0,0.0,2.439825000008568,1,baseline,medium
case_084,3,5,multiseed,503576,0,0,0.0,31.230878500035033,8,pipe-32,medium
case_084,3,5,vns,503576,0,0,0.0,93.0528560000239,32,pipe-32,medium
case_085,1,2,baseline,3171548,4468336,0,0,4.48676889995113,1,baseline,large
case_085,1,2,multiseed,2887495,7870018,0,0,101.73625680000987,13,balanced-32,large
case_085,1,2,vns,2824308,7839426,0,0,155.3805250999285,26,N5,large
case_085,1,3,baseline,3187097,4579018,0,0,4.305442500044592,1,baseline,large
case_085,1,3,multiseed,2833938,9829386,0,0,77.81604379997589,13,balanced-32,large
case_085,1,3,vns,2781908,9790344,0,0,134.78482760000043,26,N5,large
case_085,1,4,baseline,3184106,6206886,0,0,4.075396800064482,1,baseline,large
case_085,1,4,multiseed,2585774,11208026,0,0,70.01915000006557,13,balanced-32,large
case_085,1,4,vns,2559236,11189080,0,0,131.30166890006512,26,N5,large
case_085,1,5,baseline,2773626,6885946,0,0,4.234459499944933,1,baseline,large
case_085,1,5,multiseed,2773626,6885946,0,0,68.87279839999974,13,baseline,large
case_085,1,5,vns,2740213,6901434,0,0,125.02430259995162,26,N5,large
case_085,2,2,baseline,2726113,3728134,0,0,7.125759799964726,1,baseline,large
case_085,2,2,multiseed,2418657,4973574,0,0,98.74045449995901,13,balanced-32,large
case_085,2,2,vns,2310652,4548614,0,0,192.3360096999677,26,N4,large
case_085,2,3,baseline,2359784,4401868,0,0,5.917009599972516,1,baseline,large
case_085,2,3,multiseed,1718978,7926540,0,0,93.63765769999009,13,balanced-32,large
case_085,2,3,vns,1705149,7682444,0,0,176.9934355999576,26,N5,large
case_085,2,4,baseline,2301648,6834578,0,0,5.425715900026262,1,baseline,large
case_085,2,4,multiseed,1787208,10134034,0,0,92.37824320001528,13,balanced-32,large
case_085,2,4,vns,1746680,9911314,0,0,174.01826329994947,26,N4,large
case_085,2,5,baseline,1959169,7914518,0,0,5.307600000058301,1,baseline,large
case_085,2,5,multiseed,1316142,14239126,0,0,92.64347470004577,13,balanced-32,large
case_085,2,5,vns,1308515,14103958,0,0,175.20163130003493,26,N5,large
case_085,3,2,baseline,2726113,3728134,0,0.07291423728702211,6.95996320003178,1,baseline,large
case_085,3,2,multiseed,2418605,4973574,0,0.11048736457154117,99.00537620007526,13,balanced-32,large
case_085,3,2,vns,2310600,4548614,0,0.11054938652046871,194.36696980008855,26,N4,large
case_085,3,3,baseline,2359783,4401868,0,0.17852332521648623,5.850682100048289,1,baseline,large
case_085,3,3,multiseed,1716765,7926540,0,0.24903058828618363,94.04214010003489,13,balanced-32,large
case_085,3,3,vns,1703258,7682444,0,0.24991751659465627,178.87001970002893,26,N5,large
case_085,3,4,baseline,2301312,6834578,0,0.2535534571983305,5.427791399997659,1,baseline,large
case_085,3,4,multiseed,1783789,10134034,0,0.35441695651179334,92.96291300002486,13,balanced-32,large
case_085,3,4,vns,1743689,9911314,0,0.34783659456236926,174.85181340004783,26,N4,large
case_085,3,5,baseline,1958700,7914518,0,0.3369863892871628,5.5984016000293195,1,baseline,large
case_085,3,5,multiseed,1312983,14239126,0,0.3674370965887798,93.60135050001554,13,balanced-32,large
case_085,3,5,vns,1305827,14110102,0,0.36286259438176155,175.66359220002778,26,N1,large
case_086,1,2,baseline,140826,1302658,0,0,0.7619677000911906,1,baseline,medium
case_086,1,2,multiseed,111456,963026,0,0,16.686485000071116,14,affinity-4,medium
case_086,1,2,vns,110915,857996,0,0,41.667008500080556,40,N6,medium
case_086,1,3,baseline,134783,1731936,0,0,0.8795695999870077,1,baseline,medium
case_086,1,3,multiseed,102099,3296242,0,0,16.19501709996257,14,pipe-32,medium
case_086,1,3,vns,99359,3274642,0,0,46.565821600030176,40,N8,medium
case_086,1,4,baseline,188014,2381326,0,0,0.9251056000357494,1,baseline,medium
case_086,1,4,multiseed,111456,963026,0,0,16.847938999999315,14,affinity-2,medium
case_086,1,4,vns,110915,857996,0,0,42.32861199998297,40,N6,medium
case_086,1,5,baseline,204710,2652528,0,0,1.0354802999645472,1,baseline,medium
case_086,1,5,multiseed,106541,1092060,0,0,16.846587399952114,14,affinity-2,medium
case_086,1,5,vns,106031,1036278,0,0,42.68509229994379,40,N4,medium
case_086,2,2,baseline,104180,797350,0,0,1.0021058999700472,1,baseline,medium
case_086,2,2,multiseed,98381,492486,0,0,12.24834060005378,14,pipe-4,medium
case_086,2,2,vns,84388,452934,0,0,34.711232600035146,40,N6,medium
case_086,2,3,baseline,92501,1318378,0,0,0.9810870001092553,1,baseline,medium
case_086,2,3,multiseed,67684,1095404,0,0,12.646843300084583,14,pipe-32,medium
case_086,2,3,vns,66789,1077548,0,0,37.65995270002168,40,N7,medium
case_086,2,4,baseline,89671,2042032,0,0,0.9483508998528123,1,baseline,medium
case_086,2,4,multiseed,83104,1599090,0,0,12.340707999886945,14,pipe-32,medium
case_086,2,4,vns,81421,1576786,0,0,37.73957959993277,40,N8,medium
case_086,2,5,baseline,93680,2457044,0,0,1.0192879000678658,1,baseline,medium
case_086,2,5,multiseed,77036,1247284,0,0,12.457771500106901,14,balanced-4,medium
case_086,2,5,vns,70531,965232,0,0,33.99616400001105,40,N7,medium
case_086,3,2,baseline,104165,797350,0,0.13911624948940812,0.9980732999974862,1,baseline,medium
case_086,3,2,multiseed,98381,492486,0,0.15730654558918097,12.469853800022975,14,pipe-4,medium
case_086,3,2,vns,84388,452934,0,0.15539543626331426,34.64248929999303,40,N6,medium
case_086,3,3,baseline,91907,1318378,0,0.2429930480715229,0.9711816000053659,1,baseline,medium
case_086,3,3,multiseed,67539,1095404,0,0.375760897380357,12.388805099995807,14,pipe-32,medium
case_086,3,3,vns,67006,1095500,0,0.37385549192414524,38.65430579998065,40,N6,medium
case_086,3,4,baseline,88909,2042032,0,0.3539183642393748,0.971606699982658,1,baseline,medium
case_086,3,4,multiseed,82353,1599090,0,0.34026830377444295,12.6317194000585,14,pipe-32,medium
case_086,3,4,vns,81038,1580626,0,0.3257635730090649,39.98692260007374,40,N8,medium
case_086,3,5,baseline,92665,2457044,0,0.3570152984947744,1.0195358999771997,1,baseline,medium
case_086,3,5,multiseed,76846,1247284,0,0.24194025614859274,13.64273319998756,14,balanced-4,medium
case_086,3,5,vns,70306,965232,0,0.2345525522278967,36.40878789999988,40,N7,medium
case_087,1,2,baseline,2586437,14814322,0,0,11.172092199907638,1,baseline,extra-large
case_087,1,2,multiseed,2020081,21165936,0,0,167.76861189992633,7,pipe-32,extra-large
case_087,1,2,vns,2019084,21165936,0,0,284.5625087999506,20,N4,extra-large
case_087,1,3,baseline,2086746,17968156,0,0,9.836930999881588,1,baseline,extra-large
case_087,1,3,multiseed,1514315,7908188,3847680,0,137.60223029996268,7,affinity-2,extra-large
case_087,1,3,vns,1514315,7908188,3847680,0,303.0262746999506,11,affinity-2,extra-large
case_087,1,4,baseline,1972421,19270448,0,0,8.589645699947141,1,baseline,extra-large
case_087,1,4,multiseed,1134021,8004988,3133440,0,176.30258339992724,8,pipe-2,extra-large
case_087,1,4,vns,1134021,8004988,3133440,0,306.49718469998334,11,pipe-2,extra-large
case_087,1,5,baseline,1696684,19846494,0,0,8.734124599955976,1,baseline,extra-large
case_087,1,5,multiseed,1001600,8155762,2327040,0,154.52109099994414,8,pipe-2,extra-large
case_087,1,5,vns,950648,8155762,2327040,0,326.52217200002633,12,N1,extra-large
case_087,2,2,baseline,2597606,8695684,4925952,0,11.442123099928722,1,baseline,extra-large
case_087,2,2,multiseed,1992229,6872054,5359104,0,141.45425830001477,12,pipe-4,extra-large
case_087,2,2,vns,1992229,6872054,5359104,0,231.27592659997754,20,pipe-4,extra-large
case_087,2,3,baseline,2068278,8049936,2156544,0,9.512743299943395,1,baseline,extra-large
case_087,2,3,multiseed,1419735,7393938,4498752,0,139.7069658000255,12,pipe-4,extra-large
case_087,2,3,vns,1412551,7490354,4322448,0,217.01427689997945,20,N1,extra-large
case_087,2,4,baseline,1819539,10068636,1833984,0,8.86616870004218,1,baseline,extra-large
case_087,2,4,multiseed,1133071,7259126,4156416,0,134.7244345000945,13,pipe-2,extra-large
case_087,2,4,vns,1044566,7051766,4571136,0,193.7288411000045,20,N2,extra-large
case_087,2,5,baseline,1635102,11495232,1769472,0,8.161326400004327,1,baseline,extra-large
case_087,2,5,multiseed,1000712,7796338,3626496,0,142.39265489997342,13,pipe-2,extra-large
case_087,2,5,vns,946790,7275190,4317696,0,201.32419800001662,20,N2,extra-large
case_087,3,2,baseline,2593604,8695684,4925952,0.3051729671816679,11.599886100040749,1,baseline,extra-large
case_087,3,2,multiseed,1990755,6872054,5359104,0.27889307878716235,145.33478479995392,12,pipe-4,extra-large
case_087,3,2,vns,1990755,6872054,5359104,0.27889307878716235,235.63039439998101,20,pipe-4,extra-large
case_087,3,3,baseline,2061672,8049936,2156544,0.2839976680738341,10.063374100020155,1,baseline,extra-large
case_087,3,3,multiseed,1418895,7393938,4498752,0.2810899314111441,142.35751570004504,12,pipe-4,extra-large
case_087,3,3,vns,1384476,7254764,4602000,0.25488027561810056,220.61887480004225,20,N2,extra-large
case_087,3,4,baseline,1818220,10068636,1833984,0.3467475486788234,8.881156799965538,1,baseline,extra-large
case_087,3,4,multiseed,1132927,7259126,4156416,0.22412173698383994,134.75218509999104,13,pipe-2,extra-large
case_087,3,4,vns,1042302,7051766,4571136,0.1733062853087918,196.31008949992247,20,N2,extra-large
case_087,3,5,baseline,1633443,11495232,1769472,0.3444243531092346,8.312355799949728,1,baseline,extra-large
case_087,3,5,multiseed,999565,7796338,3626496,0.23682612130984482,143.87138649995904,13,pipe-2,extra-large
case_087,3,5,vns,946765,7633308,3626496,0.284376520454308,203.61369719996583,20,N1,extra-large
case_088,1,2,baseline,257899,1454302,0,0,0.4796481999801472,1,baseline,medium
case_088,1,2,multiseed,215280,541522,0,0,8.765950400033034,14,affinity-2,medium
case_088,1,2,vns,214571,353936,0,0,25.747396400081925,38,N6,medium
case_088,1,3,baseline,223718,1788274,0,0,0.5097953999647871,1,baseline,medium
case_088,1,3,multiseed,203748,2055928,0,0,8.693332299939357,14,affinity-12,medium
case_088,1,3,vns,197820,2041338,0,0,23.955602899892256,40,N6,medium
case_088,1,4,baseline,274265,1991030,0,0,0.5474836000939831,1,baseline,medium
case_088,1,4,multiseed,213334,2285036,0,0,8.921950600109994,14,affinity-12,medium
case_088,1,4,vns,207736,2221104,0,0,24.53070760006085,40,N7,medium
case_088,1,5,baseline,303435,2606922,0,0,0.585464800009504,1,baseline,medium
case_088,1,5,multiseed,193907,2374862,0,0,8.962016599951312,14,affinity-12,medium
case_088,1,5,vns,189284,2300112,0,0,25.47141300002113,40,N8,medium
case_088,2,2,baseline,161350,829080,0,0,0.545796100050211,1,baseline,medium
case_088,2,2,multiseed,161350,829080,0,0,6.8079563999781385,14,baseline,medium
case_088,2,2,vns,161350,829080,0,0,19.10068879998289,36,baseline,medium
case_088,2,3,baseline,147296,1709660,0,0,0.5674326999578625,1,baseline,medium
case_088,2,3,multiseed,147296,1709660,0,0,6.865938400034793,14,baseline,medium
case_088,2,3,vns,136104,1338180,0,0,21.784275599988177,40,N7,medium
case_088,2,4,baseline,186165,1868180,0,0,0.5635026999516413,1,baseline,medium
case_088,2,4,multiseed,185736,1121266,0,0,6.930164800025523,14,pipe-4,medium
case_088,2,4,vns,183402,1065298,0,0,20.50085670000408,40,N5,medium
case_088,2,5,baseline,211105,2719398,0,0,0.5824441999429837,1,baseline,medium
case_088,2,5,multiseed,136365,1062508,0,0,6.954923899960704,14,balanced-4,medium
case_088,2,5,vns,133583,932780,0,0,19.684909599949606,40,N6,medium
case_088,3,2,baseline,161350,829080,0,0.1547110052819565,0.5835787000833079,1,baseline,medium
case_088,3,2,multiseed,161350,829080,0,0.1547110052819565,6.928662099991925,14,baseline,medium
case_088,3,2,vns,161350,829080,0,0.1547110052819565,19.406448299996555,36,baseline,medium
case_088,3,3,baseline,146846,1709660,0,0.26901086389904283,0.5737701000180095,1,baseline,medium
case_088,3,3,multiseed,146846,1709660,0,0.26901086389904283,7.126692800084129,14,baseline,medium
case_088,3,3,vns,135748,1338180,0,0.22700845684547358,22.283129399991594,40,N7,medium
case_088,3,4,baseline,184539,1868180,0,0.22859614570016112,0.5967827000422403,1,baseline,medium
case_088,3,4,multiseed,184539,1868180,0,0.22859614570016112,7.045935200061649,14,baseline,medium
case_088,3,4,vns,166982,1719956,0,0.22538900198816625,22.435703300056048,40,N7,medium
case_088,3,5,baseline,210479,2719398,0,0.3206547253235003,0.6255269999383017,1,baseline,medium
case_088,3,5,multiseed,133041,1062508,0,0.1759973165815475,6.9855033999774605,14,balanced-4,medium
case_088,3,5,vns,130501,932780,0,0.18805639159809,19.942921499954537,40,N6,medium
case_089,1,2,baseline,714048,6433024,0,0,0.9332998000318184,1,baseline,medium
case_089,1,2,multiseed,347364,716160,0,0,12.886966199963354,12,affinity-2,medium
case_089,1,2,vns,347364,716160,0,0,39.8221668000333,31,affinity-2,medium
case_089,1,3,baseline,260608,9310080,0,0,0.8739379999460652,1,baseline,medium
case_089,1,3,multiseed,260608,9310080,0,0,11.965682599926367,12,baseline,medium
case_089,1,3,vns,244380,9104128,0,0,40.2702443000162,40,N8,medium
case_089,1,4,baseline,382279,10006400,0,0,1.1574832999613136,1,baseline,medium
case_089,1,4,multiseed,183220,1671040,0,0,12.791195199941285,12,affinity-2,medium
case_089,1,4,vns,183220,1671040,0,0,36.138924599858,36,affinity-2,medium
case_089,1,5,baseline,221586,10006400,0,0,1.184795199893415,1,baseline,medium
case_089,1,5,multiseed,156404,2148480,0,0,13.277422599843703,12,affinity-2,medium
case_089,1,5,vns,156404,2148480,0,0,35.2043815999059,36,affinity-2,medium
case_089,2,2,baseline,474971,465024,0,0,0.8114776000147685,1,baseline,medium
case_089,2,2,multiseed,346832,238720,0,0,8.600426299963146,12,affinity-4,medium
case_089,2,2,vns,346832,238720,0,0,25.637365599977784,35,affinity-4,medium
case_089,2,3,baseline,243614,477440,0,0,0.7139805000042543,1,baseline,medium
case_089,2,3,multiseed,235674,1235200,0,0,7.600442199967802,12,pipe-32,medium
case_089,2,3,vns,231898,1235200,0,0,34.43043359997682,40,N2,medium
case_089,2,4,baseline,249634,1412480,0,0,0.8373056000564247,1,baseline,medium
case_089,2,4,multiseed,173472,716160,0,0,8.185469000134617,12,pipe-32,medium
case_089,2,4,vns,173472,716160,0,0,28.317870000144467,36,pipe-32,medium
case_089,2,5,baseline,207104,1651200,0,0,0.9097243999131024,1,baseline,medium
case_089,2,5,multiseed,139048,954880,0,0,8.297474599909037,12,pipe-32,medium
case_089,2,5,vns,139048,954880,0,0,27.189252499956638,36,pipe-32,medium
case_089,3,2,baseline,474971,465024,0,0.0,0.8395479000173509,1,baseline,medium
case_089,3,2,multiseed,346832,238720,0,0.0,8.484754999983124,12,affinity-4,medium
case_089,3,2,vns,346832,238720,0,0.0,25.87084699992556,35,affinity-4,medium
case_089,3,3,baseline,243614,477440,0,0.0,0.7018000999232754,1,baseline,medium
case_089,3,3,multiseed,235674,1235200,0,0.37565455007625825,7.782893399940804,12,pipe-32,medium
case_089,3,3,vns,231898,1235200,0,0.3729092526690391,35.661857899976894,40,N2,medium
case_089,3,4,baseline,248430,1412480,0,0.343619109947644,0.7700731999939308,1,baseline,medium
case_089,3,4,multiseed,173472,716160,0,0.0,8.324839000008069,12,pipe-32,medium
case_089,3,4,vns,173472,716160,0,0.0,29.56258849997539,36,pipe-32,medium
case_089,3,5,baseline,207077,1651200,0,0.2959521575984991,0.9307130998931825,1,baseline,medium
case_089,3,5,multiseed,139048,954880,0,0.0,8.847161199897528,12,pipe-32,medium
case_089,3,5,vns,139048,954880,0,0.0,28.687678399845026,36,pipe-32,medium
case_090,1,2,baseline,828099,26001408,0,0,0.27876520005520433,1,baseline,small
case_090,1,2,multiseed,679752,25781760,0,0,3.669219800038263,12,affinity-4,small
case_090,1,2,vns,613105,25277544,1644264,0,10.57506950001698,36,N8,small
case_090,1,3,baseline,775945,26061312,0,0,0.32698570005595684,1,baseline,small
case_090,1,3,multiseed,589444,25781760,0,0,3.530387800070457,12,affinity-4,small
case_090,1,3,vns,506670,25462464,0,0,19.024520799983293,64,N6,small
case_090,1,4,baseline,1137638,26260992,0,0,0.32010100001934916,1,baseline,small
case_090,1,4,multiseed,562901,25941504,0,0,4.380198700004257,13,pipe-4,small
case_090,1,4,vns,511597,25430856,1416744,0,18.3606332000345,58,N6,small
case_090,1,5,baseline,723625,26146176,0,0,0.3649215999757871,1,baseline,small
case_090,1,5,multiseed,506389,25951488,0,0,4.31185599998571,13,balanced-4,small
case_090,1,5,vns,498371,25899264,0,0,21.75646850001067,64,N4,small
case_090,2,2,baseline,934215,21630312,19381992,0,0.2888714000582695,1,baseline,small
case_090,2,2,multiseed,609374,13526400,10828032,0,2.792064900044352,12,pipe-32,small
case_090,2,2,vns,601447,13501824,10840320,0,12.636417100089602,45,N2,small
case_090,2,3,baseline,834102,21168816,16658352,0,0.29778070002794266,1,baseline,small
case_090,2,3,multiseed,404519,9338112,4416768,0,2.4827512999763712,12,pipe-32,small
case_090,2,3,vns,395863,9327360,4418304,0,12.910245900042355,45,N2,small
case_090,2,4,baseline,859721,21666048,14762880,0,0.28860179986804724,1,baseline,small
case_090,2,4,multiseed,291124,7131264,0,0,3.214554499834776,13,pipe-32,small
case_090,2,4,vns,272778,6821760,0,0,20.281562299933285,64,N2,small
case_090,2,5,baseline,752125,22305384,13378896,0,0.2953415998490527,1,baseline,small
case_090,2,5,multiseed,282362,9349632,0,0,3.1478813998401165,13,pipe-32,small
case_090,2,5,vns,279869,9330432,0,0,20.41468919988256,64,N1,small
case_090,3,2,baseline,934143,21630312,19381992,0.0002585861197839594,0.28441369999200106,1,baseline,small
case_090,3,2,multiseed,503556,13526400,10828032,0.690678915527672,2.7580002000322565,12,pipe-32,small
case_090,3,2,vns,471121,12492672,9897216,0.8309245190132787,18.841322600026615,64,N6,small
case_090,3,3,baseline,834102,21168816,16658352,0.0,0.2841378999873996,1,baseline,small
case_090,3,3,multiseed,346210,9338112,4416768,0.5758859718271241,2.6686480999924242,12,pipe-32,small
case_090,3,3,vns,315353,9326592,4414464,0.7266926994033331,19.77920260000974,64,N1,small
case_090,3,4,baseline,857469,21666048,14762880,0.007323242584315319,0.2792205000296235,1,baseline,small
case_090,3,4,multiseed,286562,7131264,0,0.2786151986995765,3.4429869999876246,13,pipe-32,small
case_090,3,4,vns,227764,7073664,0,0.6564516302477632,20.934028599993326,64,N5,small
case_090,3,5,baseline,752125,22305384,13378896,0.00042630835712403697,0.2985605999128893,1,baseline,small
case_090,3,5,multiseed,261006,9349632,0,0.31779453256718165,3.144025099929422,13,pipe-32,small
case_090,3,5,vns,217378,9331968,0,0.4891206095041322,21.086116399848834,64,N1,small
case_091,1,2,baseline,4734061,43367616,3529344,0,26.371440600021742,1,baseline,extra-large
case_091,1,2,multiseed,4565456,55247168,953664,0,236.92405000003055,4,pipe-32,extra-large
case_091,1,2,vns,4565456,55247168,953664,0,311.42843930004165,10,pipe-32,extra-large
case_091,1,3,baseline,3344182,53927392,1430496,0,24.605633700150065,1,baseline,extra-large
case_091,1,3,multiseed,3047290,61014016,0,0,234.3258281002054,4,pipe-32,extra-large
case_091,1,3,vns,3047290,61014016,0,0,307.2424729001941,9,pipe-32,extra-large
case_091,1,4,baseline,2332961,55319020,1430496,0,21.3798973999219,1,baseline,extra-large
case_091,1,4,multiseed,2319628,64144392,0,0,201.26377449999563,4,pipe-32,extra-large
case_091,1,4,vns,2306206,64144392,0,0,307.9133245999692,11,N2,extra-large
case_091,1,5,baseline,2010785,57929024,953664,0,18.349074300029315,1,baseline,extra-large
case_091,1,5,multiseed,1865709,69540352,0,0,176.28385940007865,4,pipe-32,extra-large
case_091,1,5,vns,1865476,69540352,0,0,307.70969110005535,12,N2,extra-large
case_091,2,2,baseline,4699486,39576768,33475200,0,19.636716600041837,1,baseline,extra-large
case_091,2,2,multiseed,4606083,47220864,45305472,0,147.34555570001248,7,affinity-2,extra-large
case_091,2,2,vns,4597574,47462016,45546624,0,316.0330186999636,17,N4,extra-large
case_091,2,3,baseline,3161000,40141792,29568480,0,15.59510529995896,1,baseline,extra-large
case_091,2,3,multiseed,3096722,34164960,22054624,0,137.53839019988663,8,pipe-32,extra-large
case_091,2,3,vns,3096231,34078944,22324960,0,300.99718379986007,19,N2,extra-large
case_091,2,4,baseline,2392503,42614764,28846560,0,13.711836699978448,1,baseline,extra-large
case_091,2,4,multiseed,2327878,33582244,16724640,0,145.96727649995591,9,pipe-32,extra-large
case_091,2,4,vns,2325462,33141060,17149248,0,290.8540154999355,20,N4,extra-large
case_091,2,5,baseline,1980580,41174336,22651200,0,12.697088999906555,1,baseline,extra-large
case_091,2,5,multiseed,1857890,44362240,19054080,0,153.16711549996398,10,pipe-32,extra-large
case_091,2,5,vns,1851494,44166816,19947168,0,282.3142822999507,20,N2,extra-large
case_091,3,2,baseline,4692349,39576768,33475200,0.2659716705098146,19.544554900028743,1,baseline,extra-large
case_091,3,2,multiseed,4595616,47220864,45305472,0.17409333457150816,147.72149700007867,7,affinity-2,extra-large
case_091,3,2,vns,4592442,47194752,45145728,0.1808673341766543,304.0619241000386,16,N2,extra-large
case_091,3,3,baseline,3137995,40141792,29568480,0.3227783843297514,15.417375099961646,1,baseline,extra-large
case_091,3,3,multiseed,3084555,34164960,22054624,0.4206817386655345,136.82577800005674,8,pipe-32,extra-large
case_091,3,3,vns,3084055,34078944,22324960,0.4331074442545621,313.64600509998854,20,N4,extra-large
case_091,3,4,baseline,2383463,42614764,28846560,0.26745428401266896,13.991761000012048,1,baseline,extra-large
case_091,3,4,multiseed,2313031,33582244,16724640,0.47027464102937544,146.00174860004336,9,pipe-32,extra-large
case_091,3,4,vns,2313031,33582244,16724640,0.47027464102937544,293.5804134000791,20,pipe-32,extra-large
case_091,3,5,baseline,1958168,41174336,22651200,0.4359477947969313,12.932776600006036,1,baseline,extra-large
case_091,3,5,multiseed,1852586,44362240,19054080,0.42783058495653575,155.2540980000049,10,pipe-32,extra-large
case_091,3,5,vns,1838217,43710624,19490976,0.38155459966150906,289.30798899999354,20,N2,extra-large
case_092,1,2,baseline,2996799,75145440,49094240,0,4.58271720004268,1,baseline,large
case_092,1,2,multiseed,2859543,67625824,63904224,0,74.33631590008736,7,affinity-2,large
case_092,1,2,vns,2859543,67625824,63904224,0,317.39290920004714,18,affinity-2,large
case_092,1,3,baseline,2422302,84378912,40650112,0,4.200358200003393,1,baseline,large
case_092,1,3,multiseed,2302952,68366400,62784000,0,57.22798490000423,7,affinity-2,large
case_092,1,3,vns,2246154,68862560,62349760,0,304.60039239993785,24,N5,large
case_092,1,4,baseline,2222627,95706848,30578848,0,4.191557800048031,1,baseline,large
case_092,1,4,multiseed,2101733,68270208,60827008,0,48.76544139999896,7,affinity-2,large
case_092,1,4,vns,1994466,68290464,60814496,0,291.00229169998784,26,N5,large
case_092,1,5,baseline,2127833,95706848,30578848,0,4.310815499979071,1,baseline,large
case_092,1,5,multiseed,1694454,69516128,60212128,0,55.949465599958785,8,affinity-2,large
case_092,1,5,vns,1637969,70015840,59781440,0,300.3012059000321,26,N5,large
case_092,2,2,baseline,2853345,66395744,65465344,0,6.803778899949975,1,baseline,large
case_092,2,2,multiseed,2853345,66395744,65465344,0,51.64885019999929,7,baseline,large
case_092,2,2,vns,2713229,66108064,65144896,0,181.24839550000615,26,N5,large
case_092,2,3,baseline,2230683,66791392,64930592,0,5.600782899884507,1,baseline,large
case_092,2,3,multiseed,2230683,66791392,64930592,0,49.301228099968284,7,baseline,large
case_092,2,3,vns,1951164,66555392,64661824,0,159.28532349993475,26,N5,large
case_092,2,4,baseline,1927824,67187040,64395840,0,5.09136199997738,1,baseline,large
case_092,2,4,multiseed,1927728,67180384,64389184,0,47.82559120003134,7,pipe-32,large
case_092,2,4,vns,1672822,67002752,64178784,0,148.05924089998007,26,N3,large
case_092,2,5,baseline,1805445,67028480,63306880,0,4.601150700007565,1,baseline,large
case_092,2,5,multiseed,1206868,39488416,31212064,0,52.061112500028685,8,pipe-32,large
case_092,2,5,vns,1058375,39271232,31060416,0,139.8843113000039,26,N2,large
case_092,3,2,baseline,2385111,66395744,65465344,0.7602229863439444,7.018560199998319,1,baseline,large
case_092,3,2,multiseed,2385111,66395744,65465344,0.7602229863439444,52.47575250000227,7,baseline,large
case_092,3,2,vns,2286321,66421856,65458688,0.7670694150337164,184.38240980007686,26,N6,large
case_092,3,3,baseline,1789584,66791392,64930592,0.6568981956212784,5.588513899943791,1,baseline,large
case_092,3,3,multiseed,1789584,66791392,64930592,0.6568981956212784,49.37722419993952,7,baseline,large
case_092,3,3,vns,1571720,66555392,64661824,0.7523384780562544,161.0027139999438,26,N5,large
case_092,3,4,baseline,1470398,67187040,64395840,0.6498557966002814,5.173409900045954,1,baseline,large
case_092,3,4,multiseed,1470398,67187040,64395840,0.6498557966002814,48.027267499943264,7,baseline,large
case_092,3,4,vns,1396483,67219808,64395840,0.706650385563001,147.6849632000085,26,N6,large
case_092,3,5,baseline,1378920,67028480,63306880,0.581964217083466,4.646919899969362,1,baseline,large
case_092,3,5,multiseed,1055062,39488416,31212064,0.5717418158351042,52.85029750003014,8,pipe-32,large
case_092,3,5,vns,860752,39604576,31385568,0.7934322670560774,140.83113489998505,26,N5,large
case_093,1,2,baseline,96520,450560,0,0,0.16171139990910888,1,baseline,small
case_093,1,2,multiseed,38641,32768,0,0,1.2117282999679446,12,affinity-2,small
case_093,1,2,vns,38120,28672,0,0,3.6894259999971837,35,N6,small
case_093,1,3,baseline,52944,651264,0,0,0.1421123999170959,1,baseline,small
case_093,1,3,multiseed,28131,49152,0,0,1.4619574999669567,12,affinity-2,small
case_093,1,3,vns,27470,45056,0,0,4.049786999938078,38,N6,small
case_093,1,4,baseline,59737,835584,0,0,0.15343469998333603,1,baseline,small
case_093,1,4,multiseed,24125,65536,0,0,1.575008500018157,12,affinity-2,small
case_093,1,4,vns,20988,86016,0,0,6.655399000039324,64,N5,small
case_093,1,5,baseline,28635,557056,0,0,0.13168760004919022,1,baseline,small
case_093,1,5,multiseed,20539,180224,0,0,1.5531970000592992,12,affinity-4,small
case_093,1,5,vns,18565,155648,0,0,6.779481400037184,64,N4,small
case_093,2,2,baseline,54242,237568,0,0,0.0943527000490576,1,baseline,small
case_093,2,2,multiseed,37827,8192,0,0,0.815896000014618,12,pipe-32,small
case_093,2,2,vns,37827,8192,0,0,2.96734249999281,36,pipe-32,small
case_093,2,3,baseline,42264,299008,0,0,0.1036224999697879,1,baseline,small
case_093,2,3,multiseed,26140,16384,0,0,0.9487449999433011,12,affinity-12,small
case_093,2,3,vns,25301,57344,0,0,5.8789899999974295,64,N2,small
case_093,2,4,baseline,35317,442368,0,0,0.10710979998111725,1,baseline,small
case_093,2,4,multiseed,19254,307200,0,0,0.9622163000749424,12,pipe-32,small
case_093,2,4,vns,19254,282624,0,0,6.824481900082901,64,N1,small
case_093,2,5,baseline,15876,32768,0,0,0.08060540002770722,1,baseline,small
case_093,2,5,multiseed,15876,32768,0,0,0.939513000077568,12,baseline,small
case_093,2,5,vns,15876,32768,0,0,3.1916225000750273,36,baseline,small
case_093,3,2,baseline,54242,237568,0,0.0,0.10164860007353127,1,baseline,small
case_093,3,2,multiseed,37827,8192,0,0.0,0.7922986000776291,12,pipe-32,small
case_093,3,2,vns,37827,8192,0,0.0,3.0713322000810876,36,pipe-32,small
case_093,3,3,baseline,42238,299008,0,0.014005602240896359,0.10921029991004616,1,baseline,small
case_093,3,3,multiseed,26140,16384,0,0.0,0.9597609000047669,12,affinity-12,small
case_093,3,3,vns,25301,57344,0,0.0,6.103736099903472,64,N2,small
case_093,3,4,baseline,35214,442368,0,0.02030456852791878,0.11922560003586113,1,baseline,small
case_093,3,4,multiseed,19254,307200,0,0.00554016620498615,1.073835700051859,12,pipe-32,small
case_093,3,4,vns,19242,221184,0,0.026470588235294117,7.537644900032319,64,N2,small
case_093,3,5,baseline,15876,32768,0,0.0,0.09291610005311668,1,baseline,small
case_093,3,5,multiseed,15876,32768,0,0.0,0.993488600011915,12,baseline,small
case_093,3,5,vns,15876,32768,0,0.0,3.2854071999900043,36,baseline,small
case_094,1,2,baseline,104986,1116004,0,0,0.1552155000390485,1,baseline,small
case_094,1,2,multiseed,49658,290304,0,0,1.6356406001141295,14,affinity-4,small
case_094,1,2,vns,48996,258048,0,0,4.045089700142853,40,N4,small
case_094,1,3,baseline,48124,1164644,0,0,0.11681470007169992,1,baseline,small
case_094,1,3,multiseed,37896,133632,0,0,1.671474700095132,14,affinity-2,small
case_094,1,3,vns,37896,133632,0,0,4.154960200074129,38,affinity-2,small
case_094,1,4,baseline,67214,1620388,0,0,0.13731490005739033,1,baseline,small
case_094,1,4,multiseed,29554,610080,0,0,1.8406350000295788,14,pipe-4,small
case_094,1,4,vns,28410,610080,0,0,5.8898702000733465,50,N4,small
case_094,1,5,baseline,59403,1852392,0,0,0.15644569997675717,1,baseline,small
case_094,1,5,multiseed,24860,502560,0,0,1.9158656999934465,14,pipe-4,small
case_094,1,5,vns,23280,502752,0,0,7.498364300001413,64,N2,small
case_094,2,2,baseline,77721,740700,0,0,0.09554630005732179,1,baseline,small
case_094,2,2,multiseed,38902,484132,0,0,1.0989845000440255,14,pipe-32,small
case_094,2,2,vns,38659,230688,0,0,5.9910269000101835,64,N2,small
case_094,2,3,baseline,39050,751972,0,0,0.0946600999450311,1,baseline,small
case_094,2,3,multiseed,30178,1025096,0,0,1.1825044000288472,14,pipe-32,small
case_094,2,3,vns,28647,825416,0,0,6.890616999939084,64,N5,small
case_094,2,4,baseline,48184,1145216,0,0,0.103021000046283,1,baseline,small
case_094,2,4,multiseed,26798,353056,0,0,1.2978919999441132,14,affinity-12,small
case_094,2,4,vns,26798,316192,0,0,4.661739400005899,50,N4,small
case_094,2,5,baseline,46798,1565600,0,0,0.12655289995018393,1,baseline,small
case_094,2,5,multiseed,21006,295200,0,0,1.2657186000142246,14,pipe-4,small
case_094,2,5,vns,19995,207648,0,0,5.707995399949141,64,N1,small
case_094,3,2,baseline,77718,740700,0,0.05696826379560445,0.10530879988800734,1,baseline,small
case_094,3,2,multiseed,38902,484132,0,0.12436431244189952,1.0718483999371529,14,pipe-32,small
case_094,3,2,vns,38659,230688,0,0.07273366127898806,6.29601609997917,64,N2,small
case_094,3,3,baseline,39050,751972,0,0.10662840529366233,0.10689280007500201,1,baseline,small
case_094,3,3,multiseed,29132,1025096,0,0.18798812448369281,1.1888331000227481,14,pipe-32,small
case_094,3,3,vns,28359,783688,0,0.2151569126727191,7.000858800020069,64,N6,small
case_094,3,4,baseline,47557,1145216,0,0.09655097994253882,0.13948490004986525,1,baseline,small
case_094,3,4,multiseed,26798,353056,0,0.15304283725120812,1.3249104999704286,14,affinity-12,small
case_094,3,4,vns,26798,316192,0,0.1342022586397215,4.781941800029017,50,N4,small
case_094,3,5,baseline,42909,1565600,0,0.25038489060433244,0.12251559994183481,1,baseline,small
case_094,3,5,multiseed,21006,295200,0,0.17901445803747112,1.3335370999993756,14,pipe-4,small
case_094,3,5,vns,19995,207648,0,0.1190291638407131,5.871768099954352,64,N1,small
case_095,1,2,baseline,1064733,0,0,0,0.8436954999342561,1,baseline,medium
case_095,1,2,multiseed,1048529,0,0,0,17.834159799967892,8,affinity-2,medium
case_095,1,2,vns,1046755,36864,0,0,57.87316670001019,31,N6,medium
case_095,1,3,baseline,717020,0,0,0,0.7776319000404328,1,baseline,medium
case_095,1,3,multiseed,696802,0,0,0,17.50530009996146,8,affinity-2,medium
case_095,1,3,vns,696802,0,0,0,48.64269400003832,32,affinity-2,medium
case_095,1,4,baseline,545069,0,0,0,0.7560799999628216,1,baseline,medium
case_095,1,4,multiseed,544421,0,0,0,16.748142799944617,8,affinity-2,medium
case_095,1,4,vns,541091,36864,0,0,55.29143230000045,40,N6,medium
case_095,1,5,baseline,463870,0,0,0,0.772116900072433,1,baseline,medium
case_095,1,5,multiseed,427727,0,0,0,16.948369199992158,8,affinity-2,medium
case_095,1,5,vns,423985,36864,0,0,51.315071500022896,40,N6,medium
case_095,2,2,baseline,1056323,0,0,0,1.0329065000405535,1,baseline,medium
case_095,2,2,multiseed,1042890,0,0,0,9.328233600012027,8,pipe-32,medium
case_095,2,2,vns,1042890,0,0,0,32.10146740009077,32,pipe-32,medium
case_095,2,3,baseline,704696,0,0,0,0.9554981000255793,1,baseline,medium
case_095,2,3,multiseed,695775,0,0,0,9.488141900044866,8,affinity-2,medium
case_095,2,3,vns,695775,0,0,0,28.166263599996455,32,affinity-2,medium
case_095,2,4,baseline,529037,0,0,0,0.8029747001128271,1,baseline,medium
case_095,2,4,multiseed,528934,0,0,0,9.524090800085105,8,pipe-32,medium
case_095,2,4,vns,528831,36864,0,0,36.86052940005902,40,N5,medium
case_095,2,5,baseline,443309,0,0,0,0.7970852000871673,1,baseline,medium
case_095,2,5,multiseed,425261,0,0,0,9.609447000082582,8,affinity-4,medium
case_095,2,5,vns,420852,0,0,0,28.03249950008467,32,N5,medium
case_095,3,2,baseline,1056323,0,0,0.0,0.9484266999643296,1,baseline,medium
case_095,3,2,multiseed,1042890,0,0,0.0,9.633443699916825,8,pipe-32,medium
case_095,3,2,vns,1042890,0,0,0.0,32.499302099924535,32,pipe-32,medium
case_095,3,3,baseline,704696,0,0,0.0,0.8500708999345079,1,baseline,medium
case_095,3,3,multiseed,695775,0,0,0.0,9.628749699913897,8,affinity-2,medium
case_095,3,3,vns,695775,0,0,0.0,28.545741999987513,32,affinity-2,medium
case_095,3,4,baseline,529037,0,0,0.0,0.7817690999945626,1,baseline,medium
case_095,3,4,multiseed,528934,0,0,0.0,9.433346900041215,8,pipe-32,medium
case_095,3,4,vns,528831,36864,0,0.0,36.70711920002941,40,N5,medium
case_095,3,5,baseline,443309,0,0,0.0,0.7827711999416351,1,baseline,medium
case_095,3,5,multiseed,425261,0,0,0.0,9.61481569998432,8,affinity-4,medium
case_095,3,5,vns,420852,0,0,0.0,28.26596079999581,32,N5,medium
case_096,1,2,baseline,88799,759630,0,0,0.1962876000907272,1,baseline,small
case_096,1,2,multiseed,42320,112656,0,0,2.6162240001140162,14,pipe-2,small
case_096,1,2,vns,42266,57360,0,0,6.811111600021832,37,N4,small
case_096,1,3,baseline,71051,925118,0,0,0.18599280004855245,1,baseline,small
case_096,1,3,multiseed,37007,155808,0,0,2.771425300044939,14,pipe-2,small
case_096,1,3,vns,35867,183700,0,0,9.996827500057407,53,N5,small
case_096,1,4,baseline,69876,1082334,0,0,0.22049580002203584,1,baseline,small
case_096,1,4,multiseed,28994,481600,0,0,2.9579183000605553,14,pipe-4,small
case_096,1,4,vns,27869,432708,0,0,11.902357600047253,64,N7,small
case_096,1,5,baseline,83713,1264230,0,0,0.26274529995862395,1,baseline,small
case_096,1,5,multiseed,29766,276644,0,0,3.217460799962282,14,pipe-2,small
case_096,1,5,vns,27424,166028,0,0,13.024115800042637,64,N4,small
case_096,2,2,baseline,60721,268260,0,0,0.1663696999894455,1,baseline,small
case_096,2,2,multiseed,42046,57360,0,0,1.9020939000183716,14,pipe-2,small
case_096,2,2,vns,41959,57364,0,0,5.244897500029765,37,N6,small
case_096,2,3,baseline,45960,348668,0,0,0.16579510003793985,1,baseline,small
case_096,2,3,multiseed,31504,451352,0,0,1.9491565000498667,14,pipe-32,small
case_096,2,3,vns,30447,389148,0,0,10.701236700057052,64,N1,small
case_096,2,4,baseline,46496,424512,0,0,0.15873070002999157,1,baseline,small
case_096,2,4,multiseed,28967,834420,0,0,1.963129400042817,14,pipe-32,small
case_096,2,4,vns,26601,713328,0,0,11.88787040009629,64,N7,small
case_096,2,5,baseline,52650,705356,0,0,0.1722679998492822,1,baseline,small
case_096,2,5,multiseed,22491,869484,0,0,1.9744185998570174,14,pipe-32,small
case_096,2,5,vns,20340,769388,0,0,12.46631399996113,64,N1,small
case_096,3,2,baseline,60689,268260,0,0.20345126389542226,0.1706429000478238,1,baseline,small
case_096,3,2,multiseed,42046,57360,0,0.21428037606684305,1.8426757999695837,14,pipe-2,small
case_096,3,2,vns,41959,57364,0,0.21427877465304507,5.206526700058021,37,N6,small
case_096,3,3,baseline,45828,348668,0,0.4661088266614552,0.18500290007796139,1,baseline,small
case_096,3,3,multiseed,31522,451352,0,0.4278238603577611,1.9846202000044286,14,pipe-32,small
case_096,3,3,vns,30447,389148,0,0.4306016987590763,10.920355300069787,64,N1,small
case_096,3,4,baseline,46162,424512,0,0.3795172962527943,0.18436740001197904,1,baseline,small
case_096,3,4,multiseed,26518,834420,0,0.4347342945597521,2.049930699984543,14,pipe-32,small
case_096,3,4,vns,26131,776312,0,0.4456349784559023,12.177130199968815,64,N7,small
case_096,3,5,baseline,51518,705356,0,0.42720776937707117,0.18887670000549406,1,baseline,small
case_096,3,5,multiseed,19602,869484,0,0.45705550227503805,2.109126599971205,14,pipe-32,small
case_096,3,5,vns,19598,733804,0,0.48395907133544913,12.775911499978974,64,N7,small
case_097,1,2,baseline,5171836,19595264,0,0,1.6973170001292601,1,baseline,medium
case_097,1,2,multiseed,5156692,11927552,0,0,34.34627870004624,12,affinity-4,medium
case_097,1,2,vns,5156692,11927552,0,0,95.6290367001202,35,affinity-4,medium
case_097,1,3,baseline,5106359,24436736,0,0,2.1801339999074116,1,baseline,medium
case_097,1,3,multiseed,3608012,37836800,0,0,46.95501359994523,12,affinity-12,medium
case_097,1,3,vns,3556774,36878336,0,0,120.1415408999892,40,N8,medium
case_097,1,4,baseline,2608028,29818880,0,0,1.805348200025037,1,baseline,medium
case_097,1,4,multiseed,2579804,11927552,0,0,33.98160499997903,12,affinity-2,medium
case_097,1,4,vns,2579804,11927552,0,0,97.97746319998987,36,affinity-2,medium
case_097,1,5,baseline,2123528,29818880,0,0,1.8419137001037598,1,baseline,medium
case_097,1,5,multiseed,2123528,29818880,0,0,39.8745744000189,12,baseline,medium
case_097,1,5,vns,2115485,29523968,0,0,99.12076150008943,40,N6,medium
case_097,2,2,baseline,5617602,11796480,9240576,0,1.847914900048636,1,baseline,medium
case_097,2,2,multiseed,5617602,11796480,9240576,0,17.359424900030717,12,baseline,medium
case_097,2,2,vns,5497237,11821056,8413184,0,65.4543700000504,37,N6,medium
case_097,2,3,baseline,3589285,15501312,6465536,0,1.8839807999320328,1,baseline,medium
case_097,2,3,multiseed,3589285,15501312,6465536,0,25.283854999928735,12,baseline,medium
case_097,2,3,vns,3588775,15372288,6361088,0,77.07886669994332,40,N2,medium
case_097,2,4,baseline,2626908,14221312,6553600,0,1.4904665999347344,1,baseline,medium
case_097,2,4,multiseed,2626908,14221312,6553600,0,20.081580900005065,12,baseline,medium
case_097,2,4,vns,2624686,14438400,6295552,0,65.50443159998395,40,N6,medium
case_097,2,5,baseline,2102348,21311488,4272128,0,1.8912762999534607,1,baseline,medium
case_097,2,5,multiseed,2102348,21311488,4272128,0,24.37755859992467,12,baseline,medium
case_097,2,5,vns,2102140,21069824,4165632,0,74.49772579991259,40,N6,medium
case_097,3,2,baseline,5617602,11796480,9240576,0.0,2.0037272999761626,1,baseline,medium
case_097,3,2,multiseed,5617602,11796480,9240576,0.0,17.555852700024843,12,baseline,medium
case_097,3,2,vns,5557107,11796480,8388608,0.14387755102040817,61.96622539998498,36,N2,medium
case_097,3,3,baseline,3589212,15501312,6465536,0.26735272498162344,1.9679304000455886,1,baseline,medium
case_097,3,3,multiseed,3589212,15501312,6465536,0.26735272498162344,25.72477020008955,12,baseline,medium
case_097,3,3,vns,3587840,15372288,6361088,0.31322628354109444,78.10078390012495,40,N2,medium
case_097,3,4,baseline,2626908,14221312,6553600,0.041666666666666664,1.7368069000076503,1,baseline,medium
case_097,3,4,multiseed,2626908,14221312,6553600,0.041666666666666664,20.633232600055635,12,baseline,medium
case_097,3,4,vns,2621513,14438400,6295552,0.18436060539592017,66.4972557000583,40,N6,medium
case_097,3,5,baseline,2102250,21311488,4272128,0.24523466282236103,1.8605926000745967,1,baseline,medium
case_097,3,5,multiseed,2102250,21311488,4272128,0.24523466282236103,24.41452960006427,12,baseline,medium
case_097,3,5,vns,2101714,21069824,4165632,0.3119236369519495,75.25468850007746,40,N6,medium
case_098,1,2,baseline,140341,1044896,0,0,0.21311410004273057,1,baseline,small
case_098,1,2,multiseed,111302,409640,0,0,3.2369846999645233,14,affinity-2,small
case_098,1,2,vns,110926,196616,0,0,8.277616000035778,37,N4,small
case_098,1,3,baseline,114788,1064890,0,0,0.2139561000512913,1,baseline,small
case_098,1,3,multiseed,84995,1733146,0,0,3.2417514000553638,14,pipe-32,small
case_098,1,3,vns,82805,1700370,0,0,17.19144399999641,64,N4,small
case_098,1,4,baseline,130207,1570826,0,0,0.25358719995711,1,baseline,small
case_098,1,4,multiseed,82738,770212,0,0,3.548401699983515,14,affinity-4,small
case_098,1,4,vns,82461,749728,0,0,14.203500199946575,62,N8,small
case_098,1,5,baseline,167234,2100824,0,0,0.2582623999333009,1,baseline,small
case_098,1,5,multiseed,93609,688226,0,0,3.6338006999576464,14,affinity-2,small
case_098,1,5,vns,91950,147500,0,0,15.099487900035456,64,N4,small
case_098,2,2,baseline,122676,418064,0,0,0.18374130001757294,1,baseline,small
case_098,2,2,multiseed,108115,213024,0,0,2.2918764000060037,14,pipe-2,small
case_098,2,2,vns,102886,196620,0,0,6.672770999954082,39,N6,small
case_098,2,3,baseline,94079,704356,0,0,0.20553419995121658,1,baseline,small
case_098,2,3,multiseed,61799,692562,0,0,2.509786200011149,14,pipe-32,small
case_098,2,3,vns,60568,586060,0,0,13.444926399970427,64,N7,small
case_098,2,4,baseline,97686,1177532,0,0,0.20345210004597902,1,baseline,small
case_098,2,4,multiseed,64601,1364280,0,0,2.5108859001193196,14,pipe-32,small
case_098,2,4,vns,61188,1196348,0,0,14.090882300049998,64,N2,small
case_098,2,5,baseline,89113,1830430,0,0,0.21224509994499385,1,baseline,small
case_098,2,5,multiseed,64127,1529288,0,0,2.6970148999243975,14,pipe-32,small
case_098,2,5,vns,59473,1246660,0,0,15.186333199962974,64,N7,small
case_098,3,2,baseline,122676,418064,0,0.2525433133978667,0.18895460001658648,1,baseline,small
case_098,3,2,multiseed,108115,213024,0,0.21583454090370174,2.4574589000549167,14,pipe-2,small
case_098,3,2,vns,102886,196620,0,0.21979014584260267,6.884298300021328,39,N6,small
case_098,3,3,baseline,93247,704356,0,0.39954306930014005,0.2117024000035599,1,baseline,small
case_098,3,3,multiseed,61799,692562,0,0.30854486255325353,2.4308204000117257,14,pipe-32,small
case_098,3,3,vns,60582,586052,0,0.3166138342727646,13.493615600047633,64,N7,small
case_098,3,4,baseline,97239,1177532,0,0.3665933329355624,0.2127637000521645,1,baseline,small
case_098,3,4,multiseed,62327,1364280,0,0.32136349592882807,2.593124600010924,14,pipe-32,small
case_098,3,4,vns,60338,1155384,0,0.3230903320967237,14.437110100057907,64,N2,small
case_098,3,5,baseline,87275,1830430,0,0.3411870200277237,0.21938730007968843,1,baseline,small
case_098,3,5,multiseed,61665,1529288,0,0.3375716104392107,2.762927300063893,14,pipe-32,small
case_098,3,5,vns,60655,1381812,0,0.34184753127999096,15.26072290004231,64,N1,small
case_099,1,2,baseline,866127,12714440,0,0,1.92674119991716,1,baseline,medium
case_099,1,2,multiseed,812994,11943936,0,0,50.31383639993146,14,affinity-12,medium
case_099,1,2,vns,810819,11452416,0,0,93.22483369987458,38,N4,medium
case_099,1,3,baseline,598550,13488584,0,0,1.8003019000170752,1,baseline,medium
case_099,1,3,multiseed,553205,12742656,0,0,50.47439200000372,14,affinity-12,medium
case_099,1,3,vns,549360,12693504,0,0,95.13232700002845,38,N4,medium
case_099,1,4,baseline,487220,14266824,0,0,1.851088900002651,1,baseline,medium
case_099,1,4,multiseed,412039,13426688,0,0,48.45074310002383,14,affinity-12,medium
case_099,1,4,vns,410770,13365248,0,0,97.65037710010074,40,N4,medium
case_099,1,5,baseline,503862,15851976,0,0,2.1152765001170337,1,baseline,medium
case_099,1,5,multiseed,342700,5971968,405504,0,49.70180000003893,14,affinity-2,medium
case_099,1,5,vns,342700,5971968,405504,0,138.69791060010903,38,affinity-2,medium
case_099,2,2,baseline,834879,3969052,1683456,0,1.38461350009311,1,baseline,medium
case_099,2,2,multiseed,813005,4251648,2347008,0,19.503550000139512,14,pipe-32,medium
case_099,2,2,vns,807776,4108288,2203648,0,53.449720900156535,38,N2,medium
case_099,2,3,baseline,570258,4706332,974848,0,1.3857763999840245,1,baseline,medium
case_099,2,3,multiseed,540872,4087972,126976,0,19.148427599924617,14,balanced-32,medium
case_099,2,3,vns,539310,3981772,45056,0,55.53703789995052,40,N4,medium
case_099,2,4,baseline,415658,5927368,901120,0,1.4973451999248937,1,baseline,medium
case_099,2,4,multiseed,415287,4280320,446464,0,19.180343799875118,14,affinity-12,medium
case_099,2,4,vns,415285,3997696,348160,0,48.55274009995628,38,N4,medium
case_099,2,5,baseline,391462,8392732,1126400,0,1.3833765999879688,1,baseline,medium
case_099,2,5,multiseed,351440,4530176,1703936,0,19.894320199964568,14,pipe-2,medium
case_099,2,5,vns,344341,4362240,1585152,0,48.66931659996044,40,N3,medium
case_099,3,2,baseline,830906,3969052,1683456,0.43543230581061726,1.7274623000994325,1,baseline,medium
case_099,3,2,multiseed,810123,4251648,2347008,0.531220524429353,20.961128000053577,14,pipe-32,medium
case_099,3,2,vns,806369,4108288,2203648,0.5186355752553479,56.89802100008819,38,N2,medium
case_099,3,3,baseline,565704,4706332,974848,0.5142140270037981,1.4135072999633849,1,baseline,medium
case_099,3,3,multiseed,540960,4087972,126976,0.5109739472376965,19.834600399946794,14,balanced-32,medium
case_099,3,3,vns,539261,3981772,45056,0.5140371038707197,57.63323829998262,40,N4,medium
case_099,3,4,baseline,415658,5927368,901120,0.5417717824880475,1.3878223000792786,1,baseline,medium
case_099,3,4,multiseed,414943,4280320,446464,0.5500244204831498,20.25314920011442,14,affinity-12,medium
case_099,3,4,vns,414567,3997696,348160,0.5249088699878494,50.83750760008115,38,N4,medium
case_099,3,5,baseline,386955,8392732,1126400,0.6405242800638644,1.5461383998626843,1,baseline,medium
case_099,3,5,multiseed,343398,5025792,282624,0.5933150462257442,20.025062799919397,14,affinity-12,medium
case_099,3,5,vns,342071,4399104,24576,0.5695506074369484,51.246493599843234,40,N7,medium
case_100,1,2,baseline,165322,1758088,0,0,0.28959929989650846,1,baseline,small
case_100,1,2,multiseed,76709,296976,0,0,3.8499048998346552,14,affinity-2,small
case_100,1,2,vns,75837,241680,0,0,10.851970299845561,38,N3,small
case_100,1,3,baseline,108067,1984968,0,0,0.272402299917303,1,baseline,small
case_100,1,3,multiseed,63535,1085476,0,0,3.662049499922432,14,affinity-4,small
case_100,1,3,vns,62269,334356,0,0,15.182549599907361,64,N4,small
case_100,1,4,baseline,107504,2076108,0,0,0.3133783999364823,1,baseline,small
case_100,1,4,multiseed,69235,1568584,0,0,3.9197750999592245,14,affinity-4,small
case_100,1,4,vns,66664,487172,0,0,15.875692599918693,64,N4,small
case_100,1,5,baseline,129344,2269682,0,0,0.28426590003073215,1,baseline,small
case_100,1,5,multiseed,63062,921640,0,0,3.974589499994181,14,affinity-2,small
case_100,1,5,vns,60344,221200,0,0,16.53157660004217,64,N5,small
case_100,2,2,baseline,132364,595140,0,0,0.21270530007313937,1,baseline,small
case_100,2,2,multiseed,72108,736956,0,0,2.400621799984947,14,pipe-32,small
case_100,2,2,vns,68855,540608,0,0,13.031409900053404,64,N2,small
case_100,2,3,baseline,75549,1125612,0,0,0.21923160005826503,1,baseline,small
case_100,2,3,multiseed,61325,142340,0,0,2.4307329000439495,14,affinity-12,small
case_100,2,3,vns,57307,170504,0,0,8.258972299983725,44,N1,small
case_100,2,4,baseline,63763,1179768,0,0,0.2452449999982491,1,baseline,small
case_100,2,4,multiseed,56939,192320,0,0,2.51953210006468,14,affinity-12,small
case_100,2,4,vns,50721,333636,0,0,12.576643300009891,64,N2,small
case_100,2,5,baseline,86932,1380088,0,0,0.22511550004128367,1,baseline,small
case_100,2,5,multiseed,56864,703068,0,0,2.563382599968463,14,pipe-4,small
case_100,2,5,vns,55228,542764,0,0,11.72038379998412,62,N8,small
case_100,3,2,baseline,132210,595140,0,0.2625410931001487,0.21445430000312626,1,baseline,small
case_100,3,2,multiseed,71147,736956,0,0.20563031177090638,2.546137599973008,14,pipe-32,small
case_100,3,2,vns,69059,632768,0,0.24209176103905813,12.952635599998757,62,N8,small
case_100,3,3,baseline,74619,1125612,0,0.3773641007797302,0.2385134999640286,1,baseline,small
case_100,3,3,multiseed,61325,142340,0,0.19830412349743406,2.492592000053264,14,affinity-12,small
case_100,3,3,vns,57307,170504,0,0.2735141944185218,8.435324699967168,44,N1,small
case_100,3,4,baseline,63695,1179768,0,0.42501042736499367,0.22499550005886704,1,baseline,small
case_100,3,4,multiseed,56787,192320,0,0.2584585464190296,2.618923900066875,14,affinity-12,small
case_100,3,4,vns,50721,333636,0,0.29827732997202594,12.815296399989165,64,N2,small
case_100,3,5,baseline,85216,1380088,0,0.3892194073369893,0.2746886998647824,1,baseline,small
case_100,3,5,multiseed,56384,703068,0,0.5247459343998767,2.7068790999474004,14,pipe-4,small
case_100,3,5,vns,55019,542764,0,0.5210248194632326,11.940944799920544,62,N8,small
